product_id,artisan_id,category_code,subcategory_code,name,price,material,color,gift_theme,purpose_tags,is_limited,is_custom_order,has_gift_wrap,is_single_item,is_new,status,stock,wishlist_count,sales_count,popularity_score,making_story,usage_care
1,1,POTTERY,다완,청자 다완,144000,청자,GRAY,,다도,True,False,True,False,False,ON_SALE,7,18,9,45.0,"청자을 물레로 성형한 뒤 7일간 자연 건조하고, 초벌·재벌 두 번 구워 완성했습니다. 유약이 흐르며 만든 무늬는 하나하나 다릅니다.","미지근한 물로 헹군 뒤 마른 천으로 물기를 닦아 주세요. 급격한 온도 변화는 피해 주시고, 전자레인지는 사용하지 마세요."
2,1,POTTERY,찻잔,도기토 찻잔,111000,도기토,GREEN,PARENTS,인테리어|선물,False,False,True,False,False,ON_SALE,9,24,10,56.0,"손으로 직접 흙을 치대어 공기를 뺀 뒤 도기토 물레 성형, 초벌 800도, 재벌 1250도로 구웠습니다. 가마 안 위치에 따라 색이 미세하게 달라집니다.","미지근한 물로 헹군 뒤 마른 천으로 물기를 닦아 주세요. 급격한 온도 변화는 피해 주시고, 전자레인지는 사용하지 마세요."
3,1,POTTERY,잔받침,도기토 잔받침,351000,도기토,GRAY,FRIEND,선물|인테리어,True,True,True,True,False,ON_SALE,9,9,14,41.5,"전통 도기토 기법 그대로 물레를 돌려 형태를 잡고, 상감으로 무늬를 새긴 뒤 유약을 입혀 구웠습니다.",중성세제로 가볍게 씻고 완전히 건조한 뒤 보관해 주세요. 겹쳐 쌓을 때는 사이에 천을 끼워 주세요.
4,1,POTTERY,대접,분청 대접,341000,분청,WHITE,PARENTS,선물,False,False,False,False,False,ON_SALE,25,22,2,37.0,"전통 분청 기법 그대로 물레를 돌려 형태를 잡고, 상감으로 무늬를 새긴 뒤 유약을 입혀 구웠습니다.",중성세제로 가볍게 씻고 완전히 건조한 뒤 보관해 주세요. 겹쳐 쌓을 때는 사이에 천을 끼워 주세요.
5,1,POTTERY,화병,도기토 화병,320000,도기토,BLUE,,선물|인테리어,False,False,False,False,False,ON_SALE,9,20,4,38.0,"손으로 직접 흙을 치대어 공기를 뺀 뒤 도기토 물레 성형, 초벌 800도, 재벌 1250도로 구웠습니다. 가마 안 위치에 따라 색이 미세하게 달라집니다.",중성세제로 가볍게 씻고 완전히 건조한 뒤 보관해 주세요. 겹쳐 쌓을 때는 사이에 천을 끼워 주세요.
6,1,POTTERY,접시,분청 접시,76000,분청,WHITE,PARENTS,다도,False,False,False,True,False,HIDDEN,5,4,6,18.0,"전통 분청 기법 그대로 물레를 돌려 형태를 잡고, 상감으로 무늬를 새긴 뒤 유약을 입혀 구웠습니다.","미지근한 물로 헹군 뒤 마른 천으로 물기를 닦아 주세요. 급격한 온도 변화는 피해 주시고, 전자레인지는 사용하지 마세요."
7,1,POTTERY,다기세트,분청 다기세트,252000,분청,BLUE,BOSS,실용,False,False,True,False,False,SOLD_OUT,0,30,2,49.0,"손으로 직접 흙을 치대어 공기를 뺀 뒤 분청 물레 성형, 초벌 800도, 재벌 1250도로 구웠습니다. 가마 안 위치에 따라 색이 미세하게 달라집니다.","미지근한 물로 헹군 뒤 마른 천으로 물기를 닦아 주세요. 급격한 온도 변화는 피해 주시고, 전자레인지는 사용하지 마세요."
8,1,POTTERY,항아리,백자 항아리,336000,백자,BLUE,FRIEND,실용|다도,False,False,False,False,True,ON_SALE,3,1,5,21.5,"전통 백자 기법 그대로 물레를 돌려 형태를 잡고, 상감으로 무늬를 새긴 뒤 유약을 입혀 구웠습니다.","미지근한 물로 헹군 뒤 마른 천으로 물기를 닦아 주세요. 급격한 온도 변화는 피해 주시고, 전자레인지는 사용하지 마세요."
9,1,POTTERY,머그,백자 머그,165000,백자,BROWN,CORPORATE,선물|인테리어,False,False,False,False,False,ON_SALE,8,3,3,10.5,"손으로 직접 흙을 치대어 공기를 뺀 뒤 백자 물레 성형, 초벌 800도, 재벌 1250도로 구웠습니다. 가마 안 위치에 따라 색이 미세하게 달라집니다.","미지근한 물로 헹군 뒤 마른 천으로 물기를 닦아 주세요. 급격한 온도 변화는 피해 주시고, 전자레인지는 사용하지 마세요."
10,1,POTTERY,수반,백자 수반,147000,백자,GRAY,HOUSEWARMING,다도,True,True,False,False,False,SOLD_OUT,0,12,5,28.0,"백자을 물레로 성형한 뒤 4일간 자연 건조하고, 초벌·재벌 두 번 구워 완성했습니다. 유약이 흐르며 만든 무늬는 하나하나 다릅니다.",중성세제로 가볍게 씻고 완전히 건조한 뒤 보관해 주세요. 겹쳐 쌓을 때는 사이에 천을 끼워 주세요.
11,1,POTTERY,다완,백자 다완,211000,백자,GRAY,BOSS,실용|선물,False,False,True,False,False,ON_SALE,8,3,6,16.5,"전통 백자 기법 그대로 물레를 돌려 형태를 잡고, 상감으로 무늬를 새긴 뒤 유약을 입혀 구웠습니다.",중성세제로 가볍게 씻고 완전히 건조한 뒤 보관해 주세요. 겹쳐 쌓을 때는 사이에 천을 끼워 주세요.
12,1,POTTERY,찻잔,백자 찻잔,68000,백자,BLUE,,다도|실용,False,False,False,False,False,ON_SALE,7,29,18,79.5,"전통 백자 기법 그대로 물레를 돌려 형태를 잡고, 상감으로 무늬를 새긴 뒤 유약을 입혀 구웠습니다.",중성세제로 가볍게 씻고 완전히 건조한 뒤 보관해 주세요. 겹쳐 쌓을 때는 사이에 천을 끼워 주세요.
13,1,POTTERY,잔받침,청자 잔받침,176000,청자,BROWN,CORPORATE,실용|다도,False,False,False,False,False,ON_SALE,19,9,20,53.5,"손으로 직접 흙을 치대어 공기를 뺀 뒤 청자 물레 성형, 초벌 800도, 재벌 1250도로 구웠습니다. 가마 안 위치에 따라 색이 미세하게 달라집니다.","미지근한 물로 헹군 뒤 마른 천으로 물기를 닦아 주세요. 급격한 온도 변화는 피해 주시고, 전자레인지는 사용하지 마세요."
14,1,POTTERY,대접,청자 대접,65000,청자,GREEN,,선물,True,False,True,False,False,ON_SALE,19,12,3,24.0,"청자을 물레로 성형한 뒤 4일간 자연 건조하고, 초벌·재벌 두 번 구워 완성했습니다. 유약이 흐르며 만든 무늬는 하나하나 다릅니다.","미지근한 물로 헹군 뒤 마른 천으로 물기를 닦아 주세요. 급격한 온도 변화는 피해 주시고, 전자레인지는 사용하지 마세요."
15,1,POTTERY,화병,분청 화병,97000,분청,WHITE,FRIEND,실용|선물,True,False,False,True,False,ON_SALE,5,40,17,94.0,"전통 분청 기법 그대로 물레를 돌려 형태를 잡고, 상감으로 무늬를 새긴 뒤 유약을 입혀 구웠습니다.",중성세제로 가볍게 씻고 완전히 건조한 뒤 보관해 주세요. 겹쳐 쌓을 때는 사이에 천을 끼워 주세요.
16,2,POTTERY,접시,분청 접시,343000,분청,WHITE,FRIEND,인테리어,False,True,True,False,False,ON_SALE,20,3,3,10.5,"손으로 직접 흙을 치대어 공기를 뺀 뒤 분청 물레 성형, 초벌 800도, 재벌 1250도로 구웠습니다. 가마 안 위치에 따라 색이 미세하게 달라집니다.",중성세제로 가볍게 씻고 완전히 건조한 뒤 보관해 주세요. 겹쳐 쌓을 때는 사이에 천을 끼워 주세요.
17,2,POTTERY,다기세트,도기토 다기세트,354000,도기토,BLUE,BOSS,인테리어|다도,False,True,False,False,False,ON_SALE,18,0,0,0.0,"손으로 직접 흙을 치대어 공기를 뺀 뒤 도기토 물레 성형, 초벌 800도, 재벌 1250도로 구웠습니다. 가마 안 위치에 따라 색이 미세하게 달라집니다.","미지근한 물로 헹군 뒤 마른 천으로 물기를 닦아 주세요. 급격한 온도 변화는 피해 주시고, 전자레인지는 사용하지 마세요."
18,2,POTTERY,항아리,청자 항아리,250000,청자,BLUE,BIRTHDAY_60TH,다도,False,False,False,True,False,ON_SALE,22,1,12,25.5,"청자을 물레로 성형한 뒤 12일간 자연 건조하고, 초벌·재벌 두 번 구워 완성했습니다. 유약이 흐르며 만든 무늬는 하나하나 다릅니다.","미지근한 물로 헹군 뒤 마른 천으로 물기를 닦아 주세요. 급격한 온도 변화는 피해 주시고, 전자레인지는 사용하지 마세요."
19,2,POTTERY,머그,백자 머그,42000,백자,WHITE,,인테리어,False,False,False,False,False,ON_SALE,28,0,5,10.0,"전통 백자 기법 그대로 물레를 돌려 형태를 잡고, 상감으로 무늬를 새긴 뒤 유약을 입혀 구웠습니다.",중성세제로 가볍게 씻고 완전히 건조한 뒤 보관해 주세요. 겹쳐 쌓을 때는 사이에 천을 끼워 주세요.
20,2,POTTERY,수반,분청 수반,42000,분청,BLUE,HOUSEWARMING,실용,False,True,False,False,False,ON_SALE,27,11,22,60.5,"전통 분청 기법 그대로 물레를 돌려 형태를 잡고, 상감으로 무늬를 새긴 뒤 유약을 입혀 구웠습니다.",중성세제로 가볍게 씻고 완전히 건조한 뒤 보관해 주세요. 겹쳐 쌓을 때는 사이에 천을 끼워 주세요.
21,2,POTTERY,다완,백자 다완,85000,백자,GREEN,HOUSEWARMING,인테리어|실용,False,False,True,False,False,ON_SALE,14,0,20,40.0,"손으로 직접 흙을 치대어 공기를 뺀 뒤 백자 물레 성형, 초벌 800도, 재벌 1250도로 구웠습니다. 가마 안 위치에 따라 색이 미세하게 달라집니다.","미지근한 물로 헹군 뒤 마른 천으로 물기를 닦아 주세요. 급격한 온도 변화는 피해 주시고, 전자레인지는 사용하지 마세요."
22,2,POTTERY,찻잔,분청 찻잔,349000,분청,BROWN,BIRTHDAY_60TH,다도|인테리어,False,False,True,False,False,ON_SALE,22,42,9,81.0,"전통 분청 기법 그대로 물레를 돌려 형태를 잡고, 상감으로 무늬를 새긴 뒤 유약을 입혀 구웠습니다.",중성세제로 가볍게 씻고 완전히 건조한 뒤 보관해 주세요. 겹쳐 쌓을 때는 사이에 천을 끼워 주세요.
23,2,POTTERY,잔받침,도기토 잔받침,176000,도기토,GREEN,HOUSEWARMING,실용,False,False,True,False,False,ON_SALE,6,16,2,28.0,"손으로 직접 흙을 치대어 공기를 뺀 뒤 도기토 물레 성형, 초벌 800도, 재벌 1250도로 구웠습니다. 가마 안 위치에 따라 색이 미세하게 달라집니다.",중성세제로 가볍게 씻고 완전히 건조한 뒤 보관해 주세요. 겹쳐 쌓을 때는 사이에 천을 끼워 주세요.
24,2,POTTERY,대접,청자 대접,131000,청자,WHITE,BOSS,다도,False,False,False,True,False,ON_SALE,7,19,3,34.5,"청자을 물레로 성형한 뒤 7일간 자연 건조하고, 초벌·재벌 두 번 구워 완성했습니다. 유약이 흐르며 만든 무늬는 하나하나 다릅니다.","미지근한 물로 헹군 뒤 마른 천으로 물기를 닦아 주세요. 급격한 온도 변화는 피해 주시고, 전자레인지는 사용하지 마세요."
25,2,POTTERY,화병,백자 화병,142000,백자,GRAY,BOSS,실용,False,False,True,False,False,ON_SALE,18,13,23,65.5,"백자을 물레로 성형한 뒤 4일간 자연 건조하고, 초벌·재벌 두 번 구워 완성했습니다. 유약이 흐르며 만든 무늬는 하나하나 다릅니다.",중성세제로 가볍게 씻고 완전히 건조한 뒤 보관해 주세요. 겹쳐 쌓을 때는 사이에 천을 끼워 주세요.
26,2,POTTERY,접시,도기토 접시,162000,도기토,WHITE,,인테리어,False,True,False,False,False,ON_SALE,29,11,1,18.5,"전통 도기토 기법 그대로 물레를 돌려 형태를 잡고, 상감으로 무늬를 새긴 뒤 유약을 입혀 구웠습니다.",중성세제로 가볍게 씻고 완전히 건조한 뒤 보관해 주세요. 겹쳐 쌓을 때는 사이에 천을 끼워 주세요.
27,2,POTTERY,다기세트,백자 다기세트,238000,백자,WHITE,BOSS,실용|선물,False,False,False,False,False,ON_SALE,25,12,5,28.0,"백자을 물레로 성형한 뒤 4일간 자연 건조하고, 초벌·재벌 두 번 구워 완성했습니다. 유약이 흐르며 만든 무늬는 하나하나 다릅니다.",중성세제로 가볍게 씻고 완전히 건조한 뒤 보관해 주세요. 겹쳐 쌓을 때는 사이에 천을 끼워 주세요.
28,2,POTTERY,항아리,도기토 항아리,279000,도기토,BROWN,,인테리어,False,False,False,False,False,ON_SALE,30,2,7,17.0,"전통 도기토 기법 그대로 물레를 돌려 형태를 잡고, 상감으로 무늬를 새긴 뒤 유약을 입혀 구웠습니다.",중성세제로 가볍게 씻고 완전히 건조한 뒤 보관해 주세요. 겹쳐 쌓을 때는 사이에 천을 끼워 주세요.
29,2,POTTERY,머그,청자 머그,266000,청자,GRAY,BIRTHDAY_60TH,다도,False,True,True,False,False,ON_SALE,27,8,14,40.0,"청자을 물레로 성형한 뒤 9일간 자연 건조하고, 초벌·재벌 두 번 구워 완성했습니다. 유약이 흐르며 만든 무늬는 하나하나 다릅니다.","미지근한 물로 헹군 뒤 마른 천으로 물기를 닦아 주세요. 급격한 온도 변화는 피해 주시고, 전자레인지는 사용하지 마세요."
30,2,POTTERY,수반,청자 수반,363000,청자,BLUE,CORPORATE,다도,False,True,True,False,False,ON_SALE,7,9,2,17.5,"청자을 물레로 성형한 뒤 6일간 자연 건조하고, 초벌·재벌 두 번 구워 완성했습니다. 유약이 흐르며 만든 무늬는 하나하나 다릅니다.","미지근한 물로 헹군 뒤 마른 천으로 물기를 닦아 주세요. 급격한 온도 변화는 피해 주시고, 전자레인지는 사용하지 마세요."
31,3,POTTERY,다완,청자 다완,326000,청자,WHITE,,인테리어,False,False,True,False,False,ON_SALE,25,5,9,25.5,"전통 청자 기법 그대로 물레를 돌려 형태를 잡고, 상감으로 무늬를 새긴 뒤 유약을 입혀 구웠습니다.","미지근한 물로 헹군 뒤 마른 천으로 물기를 닦아 주세요. 급격한 온도 변화는 피해 주시고, 전자레인지는 사용하지 마세요."
32,3,POTTERY,찻잔,분청 찻잔,65000,분청,GREEN,,다도|선물,True,False,False,False,False,ON_SALE,24,11,8,32.5,"손으로 직접 흙을 치대어 공기를 뺀 뒤 분청 물레 성형, 초벌 800도, 재벌 1250도로 구웠습니다. 가마 안 위치에 따라 색이 미세하게 달라집니다.",중성세제로 가볍게 씻고 완전히 건조한 뒤 보관해 주세요. 겹쳐 쌓을 때는 사이에 천을 끼워 주세요.
33,3,POTTERY,잔받침,도기토 잔받침,195000,도기토,BROWN,BIRTHDAY_60TH,다도,False,True,False,False,False,ON_SALE,28,5,5,17.5,"도기토을 물레로 성형한 뒤 12일간 자연 건조하고, 초벌·재벌 두 번 구워 완성했습니다. 유약이 흐르며 만든 무늬는 하나하나 다릅니다.",중성세제로 가볍게 씻고 완전히 건조한 뒤 보관해 주세요. 겹쳐 쌓을 때는 사이에 천을 끼워 주세요.
34,3,POTTERY,대접,분청 대접,314000,분청,BLUE,FRIEND,선물,False,False,False,False,False,ON_SALE,15,23,0,34.5,"전통 분청 기법 그대로 물레를 돌려 형태를 잡고, 상감으로 무늬를 새긴 뒤 유약을 입혀 구웠습니다.",중성세제로 가볍게 씻고 완전히 건조한 뒤 보관해 주세요. 겹쳐 쌓을 때는 사이에 천을 끼워 주세요.
35,3,POTTERY,화병,백자 화병,272000,백자,BLUE,,실용|인테리어,False,False,True,False,False,ON_SALE,4,20,24,78.0,"손으로 직접 흙을 치대어 공기를 뺀 뒤 백자 물레 성형, 초벌 800도, 재벌 1250도로 구웠습니다. 가마 안 위치에 따라 색이 미세하게 달라집니다.","미지근한 물로 헹군 뒤 마른 천으로 물기를 닦아 주세요. 급격한 온도 변화는 피해 주시고, 전자레인지는 사용하지 마세요."
36,3,POTTERY,접시,백자 접시,331000,백자,WHITE,BIRTHDAY_60TH,다도|실용,False,True,True,False,False,SOLD_OUT,0,12,9,36.0,"전통 백자 기법 그대로 물레를 돌려 형태를 잡고, 상감으로 무늬를 새긴 뒤 유약을 입혀 구웠습니다.",중성세제로 가볍게 씻고 완전히 건조한 뒤 보관해 주세요. 겹쳐 쌓을 때는 사이에 천을 끼워 주세요.
37,3,POTTERY,다기세트,청자 다기세트,270000,청자,GRAY,PARENTS,실용|선물,False,False,False,False,True,ON_SALE,19,14,0,31.0,"전통 청자 기법 그대로 물레를 돌려 형태를 잡고, 상감으로 무늬를 새긴 뒤 유약을 입혀 구웠습니다.",중성세제로 가볍게 씻고 완전히 건조한 뒤 보관해 주세요. 겹쳐 쌓을 때는 사이에 천을 끼워 주세요.
38,3,POTTERY,항아리,청자 항아리,340000,청자,WHITE,,실용,False,False,False,False,False,ON_SALE,24,1,11,23.5,"손으로 직접 흙을 치대어 공기를 뺀 뒤 청자 물레 성형, 초벌 800도, 재벌 1250도로 구웠습니다. 가마 안 위치에 따라 색이 미세하게 달라집니다.","미지근한 물로 헹군 뒤 마른 천으로 물기를 닦아 주세요. 급격한 온도 변화는 피해 주시고, 전자레인지는 사용하지 마세요."
39,3,POTTERY,머그,분청 머그,118000,분청,GRAY,BOSS,선물,False,False,False,True,False,ON_SALE,28,9,9,31.5,"분청을 물레로 성형한 뒤 5일간 자연 건조하고, 초벌·재벌 두 번 구워 완성했습니다. 유약이 흐르며 만든 무늬는 하나하나 다릅니다.","미지근한 물로 헹군 뒤 마른 천으로 물기를 닦아 주세요. 급격한 온도 변화는 피해 주시고, 전자레인지는 사용하지 마세요."
40,3,POTTERY,수반,도기토 수반,361000,도기토,GRAY,PARENTS,인테리어,True,True,True,False,False,ON_SALE,4,9,2,17.5,"도기토을 물레로 성형한 뒤 11일간 자연 건조하고, 초벌·재벌 두 번 구워 완성했습니다. 유약이 흐르며 만든 무늬는 하나하나 다릅니다.",중성세제로 가볍게 씻고 완전히 건조한 뒤 보관해 주세요. 겹쳐 쌓을 때는 사이에 천을 끼워 주세요.
41,3,POTTERY,다완,도기토 다완,251000,도기토,BROWN,FRIEND,인테리어|다도,False,False,False,False,True,ON_SALE,27,4,0,16.0,"전통 도기토 기법 그대로 물레를 돌려 형태를 잡고, 상감으로 무늬를 새긴 뒤 유약을 입혀 구웠습니다.",중성세제로 가볍게 씻고 완전히 건조한 뒤 보관해 주세요. 겹쳐 쌓을 때는 사이에 천을 끼워 주세요.
42,3,POTTERY,찻잔,도기토 찻잔,355000,도기토,BLUE,HOUSEWARMING,다도|선물,False,False,True,False,False,ON_SALE,22,43,13,90.5,"손으로 직접 흙을 치대어 공기를 뺀 뒤 도기토 물레 성형, 초벌 800도, 재벌 1250도로 구웠습니다. 가마 안 위치에 따라 색이 미세하게 달라집니다.","미지근한 물로 헹군 뒤 마른 천으로 물기를 닦아 주세요. 급격한 온도 변화는 피해 주시고, 전자레인지는 사용하지 마세요."
43,3,POTTERY,잔받침,도기토 잔받침,195000,도기토,GRAY,,실용,False,True,False,False,True,ON_SALE,20,21,7,55.5,"전통 도기토 기법 그대로 물레를 돌려 형태를 잡고, 상감으로 무늬를 새긴 뒤 유약을 입혀 구웠습니다.","미지근한 물로 헹군 뒤 마른 천으로 물기를 닦아 주세요. 급격한 온도 변화는 피해 주시고, 전자레인지는 사용하지 마세요."
44,3,POTTERY,대접,분청 대접,254000,분청,GREEN,CORPORATE,다도|실용,False,False,True,False,False,ON_SALE,4,9,0,13.5,"전통 분청 기법 그대로 물레를 돌려 형태를 잡고, 상감으로 무늬를 새긴 뒤 유약을 입혀 구웠습니다.",중성세제로 가볍게 씻고 완전히 건조한 뒤 보관해 주세요. 겹쳐 쌓을 때는 사이에 천을 끼워 주세요.
45,3,POTTERY,화병,분청 화병,277000,분청,GREEN,,선물|실용,True,True,False,False,False,ON_SALE,25,23,4,42.5,"손으로 직접 흙을 치대어 공기를 뺀 뒤 분청 물레 성형, 초벌 800도, 재벌 1250도로 구웠습니다. 가마 안 위치에 따라 색이 미세하게 달라집니다.",중성세제로 가볍게 씻고 완전히 건조한 뒤 보관해 주세요. 겹쳐 쌓을 때는 사이에 천을 끼워 주세요.
46,4,POTTERY,접시,청자 접시,106000,청자,BLUE,HOUSEWARMING,실용|선물,False,False,False,False,False,ON_SALE,19,7,15,40.5,"청자을 물레로 성형한 뒤 7일간 자연 건조하고, 초벌·재벌 두 번 구워 완성했습니다. 유약이 흐르며 만든 무늬는 하나하나 다릅니다.","미지근한 물로 헹군 뒤 마른 천으로 물기를 닦아 주세요. 급격한 온도 변화는 피해 주시고, 전자레인지는 사용하지 마세요."
47,4,POTTERY,다기세트,분청 다기세트,369000,분청,BROWN,BOSS,실용,True,False,True,False,False,ON_SALE,30,9,10,33.5,"분청을 물레로 성형한 뒤 9일간 자연 건조하고, 초벌·재벌 두 번 구워 완성했습니다. 유약이 흐르며 만든 무늬는 하나하나 다릅니다.","미지근한 물로 헹군 뒤 마른 천으로 물기를 닦아 주세요. 급격한 온도 변화는 피해 주시고, 전자레인지는 사용하지 마세요."
48,4,POTTERY,항아리,청자 항아리,349000,청자,BROWN,,다도|선물,False,False,False,False,False,ON_SALE,3,4,9,24.0,"청자을 물레로 성형한 뒤 7일간 자연 건조하고, 초벌·재벌 두 번 구워 완성했습니다. 유약이 흐르며 만든 무늬는 하나하나 다릅니다.","미지근한 물로 헹군 뒤 마른 천으로 물기를 닦아 주세요. 급격한 온도 변화는 피해 주시고, 전자레인지는 사용하지 마세요."
49,4,POTTERY,머그,청자 머그,257000,청자,BROWN,BOSS,인테리어,True,False,True,False,False,ON_SALE,19,17,1,27.5,"전통 청자 기법 그대로 물레를 돌려 형태를 잡고, 상감으로 무늬를 새긴 뒤 유약을 입혀 구웠습니다.","미지근한 물로 헹군 뒤 마른 천으로 물기를 닦아 주세요. 급격한 온도 변화는 피해 주시고, 전자레인지는 사용하지 마세요."
50,4,POTTERY,수반,도기토 수반,328000,도기토,GREEN,,선물,False,False,False,False,False,ON_SALE,18,2,4,11.0,"도기토을 물레로 성형한 뒤 6일간 자연 건조하고, 초벌·재벌 두 번 구워 완성했습니다. 유약이 흐르며 만든 무늬는 하나하나 다릅니다.",중성세제로 가볍게 씻고 완전히 건조한 뒤 보관해 주세요. 겹쳐 쌓을 때는 사이에 천을 끼워 주세요.
51,4,POTTERY,다완,도기토 다완,131000,도기토,BLUE,CORPORATE,실용|다도,False,False,True,False,True,ON_SALE,13,4,6,28.0,"손으로 직접 흙을 치대어 공기를 뺀 뒤 도기토 물레 성형, 초벌 800도, 재벌 1250도로 구웠습니다. 가마 안 위치에 따라 색이 미세하게 달라집니다.","미지근한 물로 헹군 뒤 마른 천으로 물기를 닦아 주세요. 급격한 온도 변화는 피해 주시고, 전자레인지는 사용하지 마세요."
52,4,POTTERY,찻잔,도기토 찻잔,142000,도기토,BLUE,PARENTS,인테리어,False,False,False,False,False,ON_SALE,24,2,19,41.0,"도기토을 물레로 성형한 뒤 6일간 자연 건조하고, 초벌·재벌 두 번 구워 완성했습니다. 유약이 흐르며 만든 무늬는 하나하나 다릅니다.",중성세제로 가볍게 씻고 완전히 건조한 뒤 보관해 주세요. 겹쳐 쌓을 때는 사이에 천을 끼워 주세요.
53,4,POTTERY,잔받침,백자 잔받침,301000,백자,WHITE,,선물|실용,False,False,False,False,False,ON_SALE,25,50,15,105.0,"손으로 직접 흙을 치대어 공기를 뺀 뒤 백자 물레 성형, 초벌 800도, 재벌 1250도로 구웠습니다. 가마 안 위치에 따라 색이 미세하게 달라집니다.",중성세제로 가볍게 씻고 완전히 건조한 뒤 보관해 주세요. 겹쳐 쌓을 때는 사이에 천을 끼워 주세요.
54,4,POTTERY,대접,분청 대접,165000,분청,GRAY,HOUSEWARMING,실용,False,False,False,False,False,ON_SALE,8,9,7,27.5,"손으로 직접 흙을 치대어 공기를 뺀 뒤 분청 물레 성형, 초벌 800도, 재벌 1250도로 구웠습니다. 가마 안 위치에 따라 색이 미세하게 달라집니다.",중성세제로 가볍게 씻고 완전히 건조한 뒤 보관해 주세요. 겹쳐 쌓을 때는 사이에 천을 끼워 주세요.
55,4,POTTERY,화병,백자 화병,362000,백자,GRAY,BOSS,다도|실용,False,False,False,True,False,ON_SALE,15,6,23,55.0,"손으로 직접 흙을 치대어 공기를 뺀 뒤 백자 물레 성형, 초벌 800도, 재벌 1250도로 구웠습니다. 가마 안 위치에 따라 색이 미세하게 달라집니다.",중성세제로 가볍게 씻고 완전히 건조한 뒤 보관해 주세요. 겹쳐 쌓을 때는 사이에 천을 끼워 주세요.
56,4,POTTERY,접시,백자 접시,345000,백자,BROWN,HOUSEWARMING,인테리어|다도,False,False,True,False,False,ON_SALE,29,57,3,91.5,"백자을 물레로 성형한 뒤 4일간 자연 건조하고, 초벌·재벌 두 번 구워 완성했습니다. 유약이 흐르며 만든 무늬는 하나하나 다릅니다.",중성세제로 가볍게 씻고 완전히 건조한 뒤 보관해 주세요. 겹쳐 쌓을 때는 사이에 천을 끼워 주세요.
57,4,POTTERY,다기세트,백자 다기세트,369000,백자,GRAY,BOSS,다도,False,True,True,False,True,ON_SALE,7,13,13,55.5,"전통 백자 기법 그대로 물레를 돌려 형태를 잡고, 상감으로 무늬를 새긴 뒤 유약을 입혀 구웠습니다.",중성세제로 가볍게 씻고 완전히 건조한 뒤 보관해 주세요. 겹쳐 쌓을 때는 사이에 천을 끼워 주세요.
58,4,POTTERY,항아리,백자 항아리,104000,백자,GREEN,PARENTS,인테리어,True,False,True,False,False,ON_SALE,1,2,0,3.0,"손으로 직접 흙을 치대어 공기를 뺀 뒤 백자 물레 성형, 초벌 800도, 재벌 1250도로 구웠습니다. 가마 안 위치에 따라 색이 미세하게 달라집니다.",중성세제로 가볍게 씻고 완전히 건조한 뒤 보관해 주세요. 겹쳐 쌓을 때는 사이에 천을 끼워 주세요.
59,4,POTTERY,머그,청자 머그,215000,청자,GRAY,,실용,False,False,False,False,False,ON_SALE,21,49,0,73.5,"청자을 물레로 성형한 뒤 10일간 자연 건조하고, 초벌·재벌 두 번 구워 완성했습니다. 유약이 흐르며 만든 무늬는 하나하나 다릅니다.",중성세제로 가볍게 씻고 완전히 건조한 뒤 보관해 주세요. 겹쳐 쌓을 때는 사이에 천을 끼워 주세요.
60,4,POTTERY,수반,도기토 수반,67000,도기토,GRAY,PARENTS,인테리어,True,False,False,False,False,HIDDEN,5,5,5,17.5,"도기토을 물레로 성형한 뒤 10일간 자연 건조하고, 초벌·재벌 두 번 구워 완성했습니다. 유약이 흐르며 만든 무늬는 하나하나 다릅니다.","미지근한 물로 헹군 뒤 마른 천으로 물기를 닦아 주세요. 급격한 온도 변화는 피해 주시고, 전자레인지는 사용하지 마세요."
61,5,POTTERY,다완,청자 다완,261000,청자,GREEN,HOUSEWARMING,실용,False,False,False,False,False,ON_SALE,5,17,5,35.5,"전통 청자 기법 그대로 물레를 돌려 형태를 잡고, 상감으로 무늬를 새긴 뒤 유약을 입혀 구웠습니다.","미지근한 물로 헹군 뒤 마른 천으로 물기를 닦아 주세요. 급격한 온도 변화는 피해 주시고, 전자레인지는 사용하지 마세요."
62,5,POTTERY,찻잔,청자 찻잔,96000,청자,BROWN,FRIEND,인테리어,False,False,False,False,False,ON_SALE,10,13,3,25.5,"손으로 직접 흙을 치대어 공기를 뺀 뒤 청자 물레 성형, 초벌 800도, 재벌 1250도로 구웠습니다. 가마 안 위치에 따라 색이 미세하게 달라집니다.","미지근한 물로 헹군 뒤 마른 천으로 물기를 닦아 주세요. 급격한 온도 변화는 피해 주시고, 전자레인지는 사용하지 마세요."
63,5,POTTERY,잔받침,백자 잔받침,209000,백자,BROWN,CORPORATE,다도|선물,False,False,False,False,False,ON_SALE,1,14,8,37.0,"손으로 직접 흙을 치대어 공기를 뺀 뒤 백자 물레 성형, 초벌 800도, 재벌 1250도로 구웠습니다. 가마 안 위치에 따라 색이 미세하게 달라집니다.",중성세제로 가볍게 씻고 완전히 건조한 뒤 보관해 주세요. 겹쳐 쌓을 때는 사이에 천을 끼워 주세요.
64,5,POTTERY,대접,청자 대접,203000,청자,WHITE,PARENTS,다도|실용,False,False,True,False,True,ON_SALE,7,7,4,28.5,"전통 청자 기법 그대로 물레를 돌려 형태를 잡고, 상감으로 무늬를 새긴 뒤 유약을 입혀 구웠습니다.",중성세제로 가볍게 씻고 완전히 건조한 뒤 보관해 주세요. 겹쳐 쌓을 때는 사이에 천을 끼워 주세요.
65,5,POTTERY,화병,분청 화병,56000,분청,BLUE,BOSS,선물,False,False,False,False,False,ON_SALE,25,10,3,21.0,"전통 분청 기법 그대로 물레를 돌려 형태를 잡고, 상감으로 무늬를 새긴 뒤 유약을 입혀 구웠습니다.",중성세제로 가볍게 씻고 완전히 건조한 뒤 보관해 주세요. 겹쳐 쌓을 때는 사이에 천을 끼워 주세요.
66,5,POTTERY,접시,도기토 접시,142000,도기토,GREEN,CORPORATE,다도|실용,False,True,True,False,False,ON_SALE,24,8,1,14.0,"손으로 직접 흙을 치대어 공기를 뺀 뒤 도기토 물레 성형, 초벌 800도, 재벌 1250도로 구웠습니다. 가마 안 위치에 따라 색이 미세하게 달라집니다.","미지근한 물로 헹군 뒤 마른 천으로 물기를 닦아 주세요. 급격한 온도 변화는 피해 주시고, 전자레인지는 사용하지 마세요."
67,5,POTTERY,다기세트,분청 다기세트,253000,분청,GRAY,FRIEND,실용,False,False,False,False,False,ON_SALE,1,50,1,77.0,"손으로 직접 흙을 치대어 공기를 뺀 뒤 분청 물레 성형, 초벌 800도, 재벌 1250도로 구웠습니다. 가마 안 위치에 따라 색이 미세하게 달라집니다.",중성세제로 가볍게 씻고 완전히 건조한 뒤 보관해 주세요. 겹쳐 쌓을 때는 사이에 천을 끼워 주세요.
68,5,POTTERY,항아리,분청 항아리,154000,분청,GRAY,FRIEND,실용|인테리어,False,False,True,False,False,ON_SALE,4,11,1,18.5,"분청을 물레로 성형한 뒤 9일간 자연 건조하고, 초벌·재벌 두 번 구워 완성했습니다. 유약이 흐르며 만든 무늬는 하나하나 다릅니다.",중성세제로 가볍게 씻고 완전히 건조한 뒤 보관해 주세요. 겹쳐 쌓을 때는 사이에 천을 끼워 주세요.
69,5,POTTERY,머그,백자 머그,161000,백자,WHITE,PARENTS,선물,False,False,True,False,False,ON_SALE,25,12,9,36.0,"손으로 직접 흙을 치대어 공기를 뺀 뒤 백자 물레 성형, 초벌 800도, 재벌 1250도로 구웠습니다. 가마 안 위치에 따라 색이 미세하게 달라집니다.",중성세제로 가볍게 씻고 완전히 건조한 뒤 보관해 주세요. 겹쳐 쌓을 때는 사이에 천을 끼워 주세요.
70,5,POTTERY,수반,분청 수반,270000,분청,WHITE,BOSS,인테리어|선물,False,True,False,True,False,ON_SALE,21,29,15,73.5,"손으로 직접 흙을 치대어 공기를 뺀 뒤 분청 물레 성형, 초벌 800도, 재벌 1250도로 구웠습니다. 가마 안 위치에 따라 색이 미세하게 달라집니다.",중성세제로 가볍게 씻고 완전히 건조한 뒤 보관해 주세요. 겹쳐 쌓을 때는 사이에 천을 끼워 주세요.
71,5,POTTERY,다완,도기토 다완,260000,도기토,GREEN,,인테리어,False,False,False,False,False,HIDDEN,1,10,1,17.0,"전통 도기토 기법 그대로 물레를 돌려 형태를 잡고, 상감으로 무늬를 새긴 뒤 유약을 입혀 구웠습니다.",중성세제로 가볍게 씻고 완전히 건조한 뒤 보관해 주세요. 겹쳐 쌓을 때는 사이에 천을 끼워 주세요.
72,5,POTTERY,찻잔,도기토 찻잔,216000,도기토,GREEN,,인테리어|선물,False,False,True,False,False,ON_SALE,18,17,2,29.5,"손으로 직접 흙을 치대어 공기를 뺀 뒤 도기토 물레 성형, 초벌 800도, 재벌 1250도로 구웠습니다. 가마 안 위치에 따라 색이 미세하게 달라집니다.","미지근한 물로 헹군 뒤 마른 천으로 물기를 닦아 주세요. 급격한 온도 변화는 피해 주시고, 전자레인지는 사용하지 마세요."
73,5,POTTERY,잔받침,분청 잔받침,209000,분청,GRAY,FRIEND,실용|다도,False,False,False,False,False,ON_SALE,24,87,19,168.5,"전통 분청 기법 그대로 물레를 돌려 형태를 잡고, 상감으로 무늬를 새긴 뒤 유약을 입혀 구웠습니다.",중성세제로 가볍게 씻고 완전히 건조한 뒤 보관해 주세요. 겹쳐 쌓을 때는 사이에 천을 끼워 주세요.
74,5,POTTERY,대접,분청 대접,122000,분청,GRAY,,인테리어,False,False,True,False,False,ON_SALE,18,27,17,74.5,"전통 분청 기법 그대로 물레를 돌려 형태를 잡고, 상감으로 무늬를 새긴 뒤 유약을 입혀 구웠습니다.",중성세제로 가볍게 씻고 완전히 건조한 뒤 보관해 주세요. 겹쳐 쌓을 때는 사이에 천을 끼워 주세요.
75,5,POTTERY,화병,백자 화병,113000,백자,GREEN,,선물,True,False,False,False,False,ON_SALE,26,8,6,24.0,"백자을 물레로 성형한 뒤 9일간 자연 건조하고, 초벌·재벌 두 번 구워 완성했습니다. 유약이 흐르며 만든 무늬는 하나하나 다릅니다.",중성세제로 가볍게 씻고 완전히 건조한 뒤 보관해 주세요. 겹쳐 쌓을 때는 사이에 천을 끼워 주세요.
76,6,POTTERY,접시,백자 접시,266000,백자,BLUE,,실용|인테리어,False,True,True,False,False,ON_SALE,16,31,6,58.5,"전통 백자 기법 그대로 물레를 돌려 형태를 잡고, 상감으로 무늬를 새긴 뒤 유약을 입혀 구웠습니다.","미지근한 물로 헹군 뒤 마른 천으로 물기를 닦아 주세요. 급격한 온도 변화는 피해 주시고, 전자레인지는 사용하지 마세요."
77,6,POTTERY,다기세트,분청 다기세트,260000,분청,GRAY,FRIEND,실용,False,True,False,False,True,ON_SALE,17,7,3,26.5,"전통 분청 기법 그대로 물레를 돌려 형태를 잡고, 상감으로 무늬를 새긴 뒤 유약을 입혀 구웠습니다.",중성세제로 가볍게 씻고 완전히 건조한 뒤 보관해 주세요. 겹쳐 쌓을 때는 사이에 천을 끼워 주세요.
78,6,POTTERY,항아리,백자 항아리,362000,백자,GRAY,BOSS,선물|다도,False,False,False,False,False,ON_SALE,1,35,0,52.5,"전통 백자 기법 그대로 물레를 돌려 형태를 잡고, 상감으로 무늬를 새긴 뒤 유약을 입혀 구웠습니다.","미지근한 물로 헹군 뒤 마른 천으로 물기를 닦아 주세요. 급격한 온도 변화는 피해 주시고, 전자레인지는 사용하지 마세요."
79,6,POTTERY,머그,도기토 머그,184000,도기토,GRAY,CORPORATE,다도,False,False,False,False,False,ON_SALE,1,14,6,33.0,"손으로 직접 흙을 치대어 공기를 뺀 뒤 도기토 물레 성형, 초벌 800도, 재벌 1250도로 구웠습니다. 가마 안 위치에 따라 색이 미세하게 달라집니다.","미지근한 물로 헹군 뒤 마른 천으로 물기를 닦아 주세요. 급격한 온도 변화는 피해 주시고, 전자레인지는 사용하지 마세요."
80,6,POTTERY,수반,분청 수반,153000,분청,BROWN,FRIEND,선물|인테리어,False,False,False,False,False,ON_SALE,1,7,5,20.5,"손으로 직접 흙을 치대어 공기를 뺀 뒤 분청 물레 성형, 초벌 800도, 재벌 1250도로 구웠습니다. 가마 안 위치에 따라 색이 미세하게 달라집니다.",중성세제로 가볍게 씻고 완전히 건조한 뒤 보관해 주세요. 겹쳐 쌓을 때는 사이에 천을 끼워 주세요.
81,6,POTTERY,다완,분청 다완,64000,분청,BLUE,FRIEND,선물|인테리어,False,False,True,True,False,ON_SALE,6,26,9,57.0,"손으로 직접 흙을 치대어 공기를 뺀 뒤 분청 물레 성형, 초벌 800도, 재벌 1250도로 구웠습니다. 가마 안 위치에 따라 색이 미세하게 달라집니다.",중성세제로 가볍게 씻고 완전히 건조한 뒤 보관해 주세요. 겹쳐 쌓을 때는 사이에 천을 끼워 주세요.
82,6,POTTERY,찻잔,백자 찻잔,48000,백자,WHITE,CORPORATE,선물|다도,False,False,True,False,False,ON_SALE,2,20,1,32.0,"백자을 물레로 성형한 뒤 4일간 자연 건조하고, 초벌·재벌 두 번 구워 완성했습니다. 유약이 흐르며 만든 무늬는 하나하나 다릅니다.","미지근한 물로 헹군 뒤 마른 천으로 물기를 닦아 주세요. 급격한 온도 변화는 피해 주시고, 전자레인지는 사용하지 마세요."
83,6,POTTERY,잔받침,분청 잔받침,253000,분청,BLUE,HOUSEWARMING,실용|선물,False,False,False,False,False,ON_SALE,24,8,4,20.0,"전통 분청 기법 그대로 물레를 돌려 형태를 잡고, 상감으로 무늬를 새긴 뒤 유약을 입혀 구웠습니다.",중성세제로 가볍게 씻고 완전히 건조한 뒤 보관해 주세요. 겹쳐 쌓을 때는 사이에 천을 끼워 주세요.
84,6,POTTERY,대접,분청 대접,368000,분청,GRAY,,인테리어|선물,False,False,False,False,False,ON_SALE,14,4,31,68.0,"전통 분청 기법 그대로 물레를 돌려 형태를 잡고, 상감으로 무늬를 새긴 뒤 유약을 입혀 구웠습니다.","미지근한 물로 헹군 뒤 마른 천으로 물기를 닦아 주세요. 급격한 온도 변화는 피해 주시고, 전자레인지는 사용하지 마세요."
85,6,POTTERY,화병,도기토 화병,45000,도기토,BLUE,BOSS,실용,True,True,False,False,False,ON_SALE,5,17,23,71.5,"도기토을 물레로 성형한 뒤 11일간 자연 건조하고, 초벌·재벌 두 번 구워 완성했습니다. 유약이 흐르며 만든 무늬는 하나하나 다릅니다.",중성세제로 가볍게 씻고 완전히 건조한 뒤 보관해 주세요. 겹쳐 쌓을 때는 사이에 천을 끼워 주세요.
86,6,POTTERY,접시,청자 접시,233000,청자,GREEN,FRIEND,인테리어|다도,True,True,False,False,True,ON_SALE,23,8,44,110.0,"청자을 물레로 성형한 뒤 5일간 자연 건조하고, 초벌·재벌 두 번 구워 완성했습니다. 유약이 흐르며 만든 무늬는 하나하나 다릅니다.",중성세제로 가볍게 씻고 완전히 건조한 뒤 보관해 주세요. 겹쳐 쌓을 때는 사이에 천을 끼워 주세요.
87,6,POTTERY,다기세트,백자 다기세트,261000,백자,GRAY,FRIEND,실용,False,False,False,False,False,ON_SALE,10,33,15,79.5,"손으로 직접 흙을 치대어 공기를 뺀 뒤 백자 물레 성형, 초벌 800도, 재벌 1250도로 구웠습니다. 가마 안 위치에 따라 색이 미세하게 달라집니다.","미지근한 물로 헹군 뒤 마른 천으로 물기를 닦아 주세요. 급격한 온도 변화는 피해 주시고, 전자레인지는 사용하지 마세요."
88,6,POTTERY,항아리,분청 항아리,132000,분청,GREEN,,선물,True,False,False,False,False,ON_SALE,3,1,4,9.5,"손으로 직접 흙을 치대어 공기를 뺀 뒤 분청 물레 성형, 초벌 800도, 재벌 1250도로 구웠습니다. 가마 안 위치에 따라 색이 미세하게 달라집니다.",중성세제로 가볍게 씻고 완전히 건조한 뒤 보관해 주세요. 겹쳐 쌓을 때는 사이에 천을 끼워 주세요.
89,6,POTTERY,머그,도기토 머그,94000,도기토,BROWN,,다도|선물,False,False,False,False,False,ON_SALE,5,8,19,50.0,"전통 도기토 기법 그대로 물레를 돌려 형태를 잡고, 상감으로 무늬를 새긴 뒤 유약을 입혀 구웠습니다.","미지근한 물로 헹군 뒤 마른 천으로 물기를 닦아 주세요. 급격한 온도 변화는 피해 주시고, 전자레인지는 사용하지 마세요."
90,6,POTTERY,수반,백자 수반,195000,백자,BLUE,,인테리어,False,False,True,False,False,ON_SALE,10,14,0,21.0,"손으로 직접 흙을 치대어 공기를 뺀 뒤 백자 물레 성형, 초벌 800도, 재벌 1250도로 구웠습니다. 가마 안 위치에 따라 색이 미세하게 달라집니다.","미지근한 물로 헹군 뒤 마른 천으로 물기를 닦아 주세요. 급격한 온도 변화는 피해 주시고, 전자레인지는 사용하지 마세요."
91,7,POTTERY,다완,백자 다완,318000,백자,WHITE,FRIEND,다도,True,False,False,False,False,ON_SALE,21,0,17,34.0,"손으로 직접 흙을 치대어 공기를 뺀 뒤 백자 물레 성형, 초벌 800도, 재벌 1250도로 구웠습니다. 가마 안 위치에 따라 색이 미세하게 달라집니다.",중성세제로 가볍게 씻고 완전히 건조한 뒤 보관해 주세요. 겹쳐 쌓을 때는 사이에 천을 끼워 주세요.
92,7,POTTERY,찻잔,분청 찻잔,182000,분청,BROWN,BOSS,다도|인테리어,False,False,False,False,False,ON_SALE,11,19,15,58.5,"분청을 물레로 성형한 뒤 6일간 자연 건조하고, 초벌·재벌 두 번 구워 완성했습니다. 유약이 흐르며 만든 무늬는 하나하나 다릅니다.","미지근한 물로 헹군 뒤 마른 천으로 물기를 닦아 주세요. 급격한 온도 변화는 피해 주시고, 전자레인지는 사용하지 마세요."
93,7,POTTERY,잔받침,분청 잔받침,193000,분청,GREEN,FRIEND,실용,False,True,True,False,False,ON_SALE,8,49,18,109.5,"분청을 물레로 성형한 뒤 11일간 자연 건조하고, 초벌·재벌 두 번 구워 완성했습니다. 유약이 흐르며 만든 무늬는 하나하나 다릅니다.",중성세제로 가볍게 씻고 완전히 건조한 뒤 보관해 주세요. 겹쳐 쌓을 때는 사이에 천을 끼워 주세요.
94,7,POTTERY,대접,백자 대접,285000,백자,WHITE,FRIEND,실용|다도,False,False,False,False,False,ON_SALE,16,13,14,47.5,"손으로 직접 흙을 치대어 공기를 뺀 뒤 백자 물레 성형, 초벌 800도, 재벌 1250도로 구웠습니다. 가마 안 위치에 따라 색이 미세하게 달라집니다.",중성세제로 가볍게 씻고 완전히 건조한 뒤 보관해 주세요. 겹쳐 쌓을 때는 사이에 천을 끼워 주세요.
95,7,POTTERY,화병,분청 화병,250000,분청,GREEN,HOUSEWARMING,인테리어,False,False,False,False,False,ON_SALE,3,7,4,18.5,"손으로 직접 흙을 치대어 공기를 뺀 뒤 분청 물레 성형, 초벌 800도, 재벌 1250도로 구웠습니다. 가마 안 위치에 따라 색이 미세하게 달라집니다.",중성세제로 가볍게 씻고 완전히 건조한 뒤 보관해 주세요. 겹쳐 쌓을 때는 사이에 천을 끼워 주세요.
96,7,POTTERY,접시,청자 접시,221000,청자,WHITE,CORPORATE,인테리어|다도,False,False,True,True,False,ON_SALE,17,9,7,27.5,"손으로 직접 흙을 치대어 공기를 뺀 뒤 청자 물레 성형, 초벌 800도, 재벌 1250도로 구웠습니다. 가마 안 위치에 따라 색이 미세하게 달라집니다.","미지근한 물로 헹군 뒤 마른 천으로 물기를 닦아 주세요. 급격한 온도 변화는 피해 주시고, 전자레인지는 사용하지 마세요."
97,7,POTTERY,다기세트,분청 다기세트,231000,분청,GREEN,,인테리어|실용,False,False,True,False,False,ON_SALE,14,13,12,43.5,"손으로 직접 흙을 치대어 공기를 뺀 뒤 분청 물레 성형, 초벌 800도, 재벌 1250도로 구웠습니다. 가마 안 위치에 따라 색이 미세하게 달라집니다.","미지근한 물로 헹군 뒤 마른 천으로 물기를 닦아 주세요. 급격한 온도 변화는 피해 주시고, 전자레인지는 사용하지 마세요."
98,7,POTTERY,항아리,도기토 항아리,56000,도기토,BLUE,,선물|인테리어,True,False,True,False,True,ON_SALE,11,8,4,30.0,"전통 도기토 기법 그대로 물레를 돌려 형태를 잡고, 상감으로 무늬를 새긴 뒤 유약을 입혀 구웠습니다.",중성세제로 가볍게 씻고 완전히 건조한 뒤 보관해 주세요. 겹쳐 쌓을 때는 사이에 천을 끼워 주세요.
99,7,POTTERY,머그,도기토 머그,317000,도기토,GRAY,,실용|인테리어,False,True,False,False,False,ON_SALE,24,17,13,51.5,"도기토을 물레로 성형한 뒤 5일간 자연 건조하고, 초벌·재벌 두 번 구워 완성했습니다. 유약이 흐르며 만든 무늬는 하나하나 다릅니다.",중성세제로 가볍게 씻고 완전히 건조한 뒤 보관해 주세요. 겹쳐 쌓을 때는 사이에 천을 끼워 주세요.
100,7,POTTERY,수반,백자 수반,145000,백자,WHITE,CORPORATE,인테리어|실용,False,False,False,False,False,ON_SALE,10,1,9,19.5,"백자을 물레로 성형한 뒤 7일간 자연 건조하고, 초벌·재벌 두 번 구워 완성했습니다. 유약이 흐르며 만든 무늬는 하나하나 다릅니다.",중성세제로 가볍게 씻고 완전히 건조한 뒤 보관해 주세요. 겹쳐 쌓을 때는 사이에 천을 끼워 주세요.
101,7,POTTERY,다완,분청 다완,177000,분청,WHITE,,인테리어,False,False,True,False,False,ON_SALE,9,2,7,17.0,"손으로 직접 흙을 치대어 공기를 뺀 뒤 분청 물레 성형, 초벌 800도, 재벌 1250도로 구웠습니다. 가마 안 위치에 따라 색이 미세하게 달라집니다.","미지근한 물로 헹군 뒤 마른 천으로 물기를 닦아 주세요. 급격한 온도 변화는 피해 주시고, 전자레인지는 사용하지 마세요."
102,7,POTTERY,찻잔,백자 찻잔,356000,백자,GRAY,FRIEND,다도,False,False,True,False,True,ON_SALE,30,2,8,29.0,"백자을 물레로 성형한 뒤 11일간 자연 건조하고, 초벌·재벌 두 번 구워 완성했습니다. 유약이 흐르며 만든 무늬는 하나하나 다릅니다.",중성세제로 가볍게 씻고 완전히 건조한 뒤 보관해 주세요. 겹쳐 쌓을 때는 사이에 천을 끼워 주세요.
103,7,POTTERY,잔받침,백자 잔받침,360000,백자,BLUE,CORPORATE,다도,False,False,False,False,False,SOLD_OUT,0,2,20,43.0,"백자을 물레로 성형한 뒤 8일간 자연 건조하고, 초벌·재벌 두 번 구워 완성했습니다. 유약이 흐르며 만든 무늬는 하나하나 다릅니다.",중성세제로 가볍게 씻고 완전히 건조한 뒤 보관해 주세요. 겹쳐 쌓을 때는 사이에 천을 끼워 주세요.
104,7,POTTERY,대접,백자 대접,182000,백자,BLUE,BIRTHDAY_60TH,인테리어,False,False,False,False,False,ON_SALE,9,3,0,4.5,"전통 백자 기법 그대로 물레를 돌려 형태를 잡고, 상감으로 무늬를 새긴 뒤 유약을 입혀 구웠습니다.",중성세제로 가볍게 씻고 완전히 건조한 뒤 보관해 주세요. 겹쳐 쌓을 때는 사이에 천을 끼워 주세요.
105,7,POTTERY,화병,분청 화병,181000,분청,WHITE,,선물,False,False,True,False,False,ON_SALE,11,41,0,61.5,"분청을 물레로 성형한 뒤 3일간 자연 건조하고, 초벌·재벌 두 번 구워 완성했습니다. 유약이 흐르며 만든 무늬는 하나하나 다릅니다.","미지근한 물로 헹군 뒤 마른 천으로 물기를 닦아 주세요. 급격한 온도 변화는 피해 주시고, 전자레인지는 사용하지 마세요."
106,8,POTTERY,접시,도기토 접시,328000,도기토,BLUE,HOUSEWARMING,인테리어,False,True,True,False,False,ON_SALE,29,32,11,70.0,"손으로 직접 흙을 치대어 공기를 뺀 뒤 도기토 물레 성형, 초벌 800도, 재벌 1250도로 구웠습니다. 가마 안 위치에 따라 색이 미세하게 달라집니다.","미지근한 물로 헹군 뒤 마른 천으로 물기를 닦아 주세요. 급격한 온도 변화는 피해 주시고, 전자레인지는 사용하지 마세요."
107,8,POTTERY,다기세트,분청 다기세트,142000,분청,BLUE,PARENTS,실용,False,False,False,False,False,ON_SALE,26,16,1,26.0,"전통 분청 기법 그대로 물레를 돌려 형태를 잡고, 상감으로 무늬를 새긴 뒤 유약을 입혀 구웠습니다.","미지근한 물로 헹군 뒤 마른 천으로 물기를 닦아 주세요. 급격한 온도 변화는 피해 주시고, 전자레인지는 사용하지 마세요."
108,8,POTTERY,항아리,도기토 항아리,318000,도기토,GREEN,,다도,False,True,False,False,False,ON_SALE,22,3,7,18.5,"전통 도기토 기법 그대로 물레를 돌려 형태를 잡고, 상감으로 무늬를 새긴 뒤 유약을 입혀 구웠습니다.",중성세제로 가볍게 씻고 완전히 건조한 뒤 보관해 주세요. 겹쳐 쌓을 때는 사이에 천을 끼워 주세요.
109,8,POTTERY,머그,청자 머그,263000,청자,BROWN,BIRTHDAY_60TH,실용,False,False,False,False,False,ON_SALE,12,18,6,39.0,"전통 청자 기법 그대로 물레를 돌려 형태를 잡고, 상감으로 무늬를 새긴 뒤 유약을 입혀 구웠습니다.","미지근한 물로 헹군 뒤 마른 천으로 물기를 닦아 주세요. 급격한 온도 변화는 피해 주시고, 전자레인지는 사용하지 마세요."
110,8,POTTERY,수반,도기토 수반,122000,도기토,GRAY,HOUSEWARMING,실용,False,False,False,False,False,ON_SALE,22,31,1,48.5,"도기토을 물레로 성형한 뒤 7일간 자연 건조하고, 초벌·재벌 두 번 구워 완성했습니다. 유약이 흐르며 만든 무늬는 하나하나 다릅니다.","미지근한 물로 헹군 뒤 마른 천으로 물기를 닦아 주세요. 급격한 온도 변화는 피해 주시고, 전자레인지는 사용하지 마세요."
111,8,POTTERY,다완,백자 다완,144000,백자,GREEN,BIRTHDAY_60TH,다도,False,False,False,False,False,ON_SALE,5,4,22,50.0,"손으로 직접 흙을 치대어 공기를 뺀 뒤 백자 물레 성형, 초벌 800도, 재벌 1250도로 구웠습니다. 가마 안 위치에 따라 색이 미세하게 달라집니다.","미지근한 물로 헹군 뒤 마른 천으로 물기를 닦아 주세요. 급격한 온도 변화는 피해 주시고, 전자레인지는 사용하지 마세요."
112,8,POTTERY,찻잔,청자 찻잔,153000,청자,BROWN,FRIEND,다도,False,False,False,False,False,ON_SALE,15,4,1,8.0,"전통 청자 기법 그대로 물레를 돌려 형태를 잡고, 상감으로 무늬를 새긴 뒤 유약을 입혀 구웠습니다.","미지근한 물로 헹군 뒤 마른 천으로 물기를 닦아 주세요. 급격한 온도 변화는 피해 주시고, 전자레인지는 사용하지 마세요."
113,8,POTTERY,잔받침,분청 잔받침,325000,분청,WHITE,PARENTS,선물|실용,False,False,False,False,False,ON_SALE,24,36,7,68.0,"분청을 물레로 성형한 뒤 12일간 자연 건조하고, 초벌·재벌 두 번 구워 완성했습니다. 유약이 흐르며 만든 무늬는 하나하나 다릅니다.",중성세제로 가볍게 씻고 완전히 건조한 뒤 보관해 주세요. 겹쳐 쌓을 때는 사이에 천을 끼워 주세요.
114,8,POTTERY,대접,청자 대접,243000,청자,BLUE,,선물|실용,False,False,True,False,False,ON_SALE,15,36,6,66.0,"청자을 물레로 성형한 뒤 9일간 자연 건조하고, 초벌·재벌 두 번 구워 완성했습니다. 유약이 흐르며 만든 무늬는 하나하나 다릅니다.","미지근한 물로 헹군 뒤 마른 천으로 물기를 닦아 주세요. 급격한 온도 변화는 피해 주시고, 전자레인지는 사용하지 마세요."
115,8,POTTERY,화병,도기토 화병,199000,도기토,WHITE,HOUSEWARMING,실용,True,False,True,False,False,ON_SALE,28,1,13,27.5,"손으로 직접 흙을 치대어 공기를 뺀 뒤 도기토 물레 성형, 초벌 800도, 재벌 1250도로 구웠습니다. 가마 안 위치에 따라 색이 미세하게 달라집니다.","미지근한 물로 헹군 뒤 마른 천으로 물기를 닦아 주세요. 급격한 온도 변화는 피해 주시고, 전자레인지는 사용하지 마세요."
116,8,POTTERY,접시,도기토 접시,37000,도기토,WHITE,FRIEND,선물,False,False,False,False,False,ON_SALE,8,12,11,40.0,"도기토을 물레로 성형한 뒤 8일간 자연 건조하고, 초벌·재벌 두 번 구워 완성했습니다. 유약이 흐르며 만든 무늬는 하나하나 다릅니다.",중성세제로 가볍게 씻고 완전히 건조한 뒤 보관해 주세요. 겹쳐 쌓을 때는 사이에 천을 끼워 주세요.
117,8,POTTERY,다기세트,분청 다기세트,292000,분청,BLUE,,실용|다도,False,False,True,False,True,ON_SALE,24,2,2,17.0,"손으로 직접 흙을 치대어 공기를 뺀 뒤 분청 물레 성형, 초벌 800도, 재벌 1250도로 구웠습니다. 가마 안 위치에 따라 색이 미세하게 달라집니다.",중성세제로 가볍게 씻고 완전히 건조한 뒤 보관해 주세요. 겹쳐 쌓을 때는 사이에 천을 끼워 주세요.
118,8,POTTERY,항아리,분청 항아리,147000,분청,WHITE,,선물|실용,False,False,True,False,False,ON_SALE,16,9,10,33.5,"분청을 물레로 성형한 뒤 6일간 자연 건조하고, 초벌·재벌 두 번 구워 완성했습니다. 유약이 흐르며 만든 무늬는 하나하나 다릅니다.","미지근한 물로 헹군 뒤 마른 천으로 물기를 닦아 주세요. 급격한 온도 변화는 피해 주시고, 전자레인지는 사용하지 마세요."
119,8,POTTERY,머그,백자 머그,307000,백자,GREEN,FRIEND,다도,False,False,False,False,False,ON_SALE,23,2,1,5.0,"백자을 물레로 성형한 뒤 10일간 자연 건조하고, 초벌·재벌 두 번 구워 완성했습니다. 유약이 흐르며 만든 무늬는 하나하나 다릅니다.",중성세제로 가볍게 씻고 완전히 건조한 뒤 보관해 주세요. 겹쳐 쌓을 때는 사이에 천을 끼워 주세요.
120,8,POTTERY,수반,청자 수반,367000,청자,GREEN,,다도|실용,False,True,False,False,False,ON_SALE,27,17,4,33.5,"전통 청자 기법 그대로 물레를 돌려 형태를 잡고, 상감으로 무늬를 새긴 뒤 유약을 입혀 구웠습니다.","미지근한 물로 헹군 뒤 마른 천으로 물기를 닦아 주세요. 급격한 온도 변화는 피해 주시고, 전자레인지는 사용하지 마세요."
121,9,POTTERY,다완,청자 다완,128000,청자,GREEN,,인테리어|선물,True,False,False,False,False,ON_SALE,27,28,8,58.0,"손으로 직접 흙을 치대어 공기를 뺀 뒤 청자 물레 성형, 초벌 800도, 재벌 1250도로 구웠습니다. 가마 안 위치에 따라 색이 미세하게 달라집니다.","미지근한 물로 헹군 뒤 마른 천으로 물기를 닦아 주세요. 급격한 온도 변화는 피해 주시고, 전자레인지는 사용하지 마세요."
122,9,POTTERY,찻잔,청자 찻잔,312000,청자,BROWN,BOSS,다도|인테리어,False,True,False,False,False,SOLD_OUT,0,54,18,117.0,"전통 청자 기법 그대로 물레를 돌려 형태를 잡고, 상감으로 무늬를 새긴 뒤 유약을 입혀 구웠습니다.","미지근한 물로 헹군 뒤 마른 천으로 물기를 닦아 주세요. 급격한 온도 변화는 피해 주시고, 전자레인지는 사용하지 마세요."
123,9,POTTERY,잔받침,백자 잔받침,53000,백자,GREEN,,인테리어,False,True,False,False,False,ON_SALE,25,25,13,63.5,"전통 백자 기법 그대로 물레를 돌려 형태를 잡고, 상감으로 무늬를 새긴 뒤 유약을 입혀 구웠습니다.",중성세제로 가볍게 씻고 완전히 건조한 뒤 보관해 주세요. 겹쳐 쌓을 때는 사이에 천을 끼워 주세요.
124,9,POTTERY,대접,백자 대접,376000,백자,GREEN,PARENTS,실용|인테리어,False,False,True,False,False,ON_SALE,8,27,3,46.5,"손으로 직접 흙을 치대어 공기를 뺀 뒤 백자 물레 성형, 초벌 800도, 재벌 1250도로 구웠습니다. 가마 안 위치에 따라 색이 미세하게 달라집니다.",중성세제로 가볍게 씻고 완전히 건조한 뒤 보관해 주세요. 겹쳐 쌓을 때는 사이에 천을 끼워 주세요.
125,9,POTTERY,화병,분청 화병,281000,분청,GRAY,,인테리어,False,False,False,False,True,ON_SALE,26,4,0,16.0,"분청을 물레로 성형한 뒤 7일간 자연 건조하고, 초벌·재벌 두 번 구워 완성했습니다. 유약이 흐르며 만든 무늬는 하나하나 다릅니다.","미지근한 물로 헹군 뒤 마른 천으로 물기를 닦아 주세요. 급격한 온도 변화는 피해 주시고, 전자레인지는 사용하지 마세요."
126,9,POTTERY,접시,도기토 접시,214000,도기토,WHITE,BOSS,다도,False,False,False,False,True,ON_SALE,18,12,4,36.0,"전통 도기토 기법 그대로 물레를 돌려 형태를 잡고, 상감으로 무늬를 새긴 뒤 유약을 입혀 구웠습니다.","미지근한 물로 헹군 뒤 마른 천으로 물기를 닦아 주세요. 급격한 온도 변화는 피해 주시고, 전자레인지는 사용하지 마세요."
127,9,POTTERY,다기세트,분청 다기세트,227000,분청,GREEN,,인테리어,False,True,False,False,False,ON_SALE,6,17,1,27.5,"분청을 물레로 성형한 뒤 4일간 자연 건조하고, 초벌·재벌 두 번 구워 완성했습니다. 유약이 흐르며 만든 무늬는 하나하나 다릅니다.",중성세제로 가볍게 씻고 완전히 건조한 뒤 보관해 주세요. 겹쳐 쌓을 때는 사이에 천을 끼워 주세요.
128,9,POTTERY,항아리,분청 항아리,115000,분청,BROWN,BIRTHDAY_60TH,인테리어|선물,False,True,True,False,False,ON_SALE,7,9,1,15.5,"전통 분청 기법 그대로 물레를 돌려 형태를 잡고, 상감으로 무늬를 새긴 뒤 유약을 입혀 구웠습니다.",중성세제로 가볍게 씻고 완전히 건조한 뒤 보관해 주세요. 겹쳐 쌓을 때는 사이에 천을 끼워 주세요.
129,9,POTTERY,머그,분청 머그,255000,분청,GREEN,PARENTS,실용|인테리어,False,False,False,False,False,ON_SALE,11,5,9,25.5,"분청을 물레로 성형한 뒤 9일간 자연 건조하고, 초벌·재벌 두 번 구워 완성했습니다. 유약이 흐르며 만든 무늬는 하나하나 다릅니다.","미지근한 물로 헹군 뒤 마른 천으로 물기를 닦아 주세요. 급격한 온도 변화는 피해 주시고, 전자레인지는 사용하지 마세요."
130,9,POTTERY,수반,분청 수반,216000,분청,BROWN,,선물,False,False,True,False,False,ON_SALE,26,5,9,25.5,"분청을 물레로 성형한 뒤 7일간 자연 건조하고, 초벌·재벌 두 번 구워 완성했습니다. 유약이 흐르며 만든 무늬는 하나하나 다릅니다.",중성세제로 가볍게 씻고 완전히 건조한 뒤 보관해 주세요. 겹쳐 쌓을 때는 사이에 천을 끼워 주세요.
131,9,POTTERY,다완,백자 다완,367000,백자,BLUE,,실용,True,False,False,False,False,SOLD_OUT,0,17,6,37.5,"백자을 물레로 성형한 뒤 6일간 자연 건조하고, 초벌·재벌 두 번 구워 완성했습니다. 유약이 흐르며 만든 무늬는 하나하나 다릅니다.","미지근한 물로 헹군 뒤 마른 천으로 물기를 닦아 주세요. 급격한 온도 변화는 피해 주시고, 전자레인지는 사용하지 마세요."
132,9,POTTERY,찻잔,청자 찻잔,361000,청자,WHITE,HOUSEWARMING,실용,False,False,True,False,False,ON_SALE,19,17,1,27.5,"청자을 물레로 성형한 뒤 8일간 자연 건조하고, 초벌·재벌 두 번 구워 완성했습니다. 유약이 흐르며 만든 무늬는 하나하나 다릅니다.",중성세제로 가볍게 씻고 완전히 건조한 뒤 보관해 주세요. 겹쳐 쌓을 때는 사이에 천을 끼워 주세요.
133,9,POTTERY,잔받침,도기토 잔받침,206000,도기토,GREEN,FRIEND,실용,False,False,True,False,False,ON_SALE,11,9,1,15.5,"도기토을 물레로 성형한 뒤 11일간 자연 건조하고, 초벌·재벌 두 번 구워 완성했습니다. 유약이 흐르며 만든 무늬는 하나하나 다릅니다.",중성세제로 가볍게 씻고 완전히 건조한 뒤 보관해 주세요. 겹쳐 쌓을 때는 사이에 천을 끼워 주세요.
134,9,POTTERY,대접,도기토 대접,193000,도기토,GRAY,BOSS,인테리어,False,True,False,False,False,ON_SALE,24,4,1,8.0,"전통 도기토 기법 그대로 물레를 돌려 형태를 잡고, 상감으로 무늬를 새긴 뒤 유약을 입혀 구웠습니다.",중성세제로 가볍게 씻고 완전히 건조한 뒤 보관해 주세요. 겹쳐 쌓을 때는 사이에 천을 끼워 주세요.
135,9,POTTERY,화병,도기토 화병,352000,도기토,BROWN,,선물,False,False,False,False,False,ON_SALE,7,3,11,26.5,"전통 도기토 기법 그대로 물레를 돌려 형태를 잡고, 상감으로 무늬를 새긴 뒤 유약을 입혀 구웠습니다.","미지근한 물로 헹군 뒤 마른 천으로 물기를 닦아 주세요. 급격한 온도 변화는 피해 주시고, 전자레인지는 사용하지 마세요."
136,10,ONGGI,화분,항아리점토 화분,259000,항아리점토,BLACK,,선물,False,False,False,False,False,ON_SALE,12,6,4,17.0,전통 옹기 기법으로 발로 밟아 반죽한 점토를 손으로 쌓아 올린 뒤 장작가마에서 8시간 구워 완성했습니다.,직사광선을 피해 서늘한 곳에 보관하세요. 급격한 온도 변화와 충격에 약합니다.
137,10,ONGGI,물항아리,전통옹기토 물항아리,147000,전통옹기토,GRAY,BOSS,인테리어|발효,False,False,False,False,False,ON_SALE,21,11,20,56.5,전통 옹기 기법으로 발로 밟아 반죽한 점토를 손으로 쌓아 올린 뒤 장작가마에서 8시간 구워 완성했습니다.,처음 사용 전 쌀뜨물을 채워 하루 불려 주세요. 이후 중성세제로 가볍게 씻어 그늘에서 건조하세요.
138,10,ONGGI,장독,회유약옹기 장독,186000,회유약옹기,BLACK,HOUSEWARMING,인테리어|실용,False,True,False,False,False,ON_SALE,16,8,14,40.0,"황토와 모래를 배합한 전통 옹기토를 사용해 코일링 기법으로 성형하고, 잿물유약을 발라 1250도로 구웠습니다.",처음 사용 전 쌀뜨물을 채워 하루 불려 주세요. 이후 중성세제로 가볍게 씻어 그늘에서 건조하세요.
139,10,ONGGI,곡물독,전통옹기토 곡물독,41000,전통옹기토,BROWN,BOSS,실용|선물,False,False,False,False,False,ON_SALE,4,4,6,18.0,"황토와 모래를 배합한 전통 옹기토를 사용해 코일링 기법으로 성형하고, 잿물유약을 발라 1250도로 구웠습니다.",처음 사용 전 쌀뜨물을 채워 하루 불려 주세요. 이후 중성세제로 가볍게 씻어 그늘에서 건조하세요.
140,10,ONGGI,젓갈독,회유약옹기 젓갈독,151000,회유약옹기,GRAY,BOSS,인테리어|실용,False,False,False,False,False,ON_SALE,26,20,9,48.0,"옛 방식 그대로 가래떡 흙을 쌓아 올리고, 나무 주걱으로 두드려 밀도를 높인 뒤 장작가마에서 구웠습니다. 숨쉬는 옹기의 특성을 살렸습니다.",직사광선을 피해 서늘한 곳에 보관하세요. 급격한 온도 변화와 충격에 약합니다.
141,10,ONGGI,술독,항아리점토 술독,55000,항아리점토,GRAY,,선물|발효,False,False,True,False,False,ON_SALE,29,17,0,25.5,"황토와 모래를 배합한 전통 옹기토를 사용해 코일링 기법으로 성형하고, 잿물유약을 발라 1250도로 구웠습니다.",처음 사용 전 쌀뜨물을 채워 하루 불려 주세요. 이후 중성세제로 가볍게 씻어 그늘에서 건조하세요.
142,10,ONGGI,김치독,흑유약옹기 김치독,99000,흑유약옹기,GRAY,,실용|선물,False,False,True,False,False,ON_SALE,29,21,4,39.5,"옛 방식 그대로 가래떡 흙을 쌓아 올리고, 나무 주걱으로 두드려 밀도를 높인 뒤 장작가마에서 구웠습니다. 숨쉬는 옹기의 특성을 살렸습니다.",직사광선을 피해 서늘한 곳에 보관하세요. 급격한 온도 변화와 충격에 약합니다.
143,10,ONGGI,옹기접시,흑유약옹기 옹기접시,26000,흑유약옹기,GREEN,,발효,False,False,True,False,False,ON_SALE,7,10,3,21.0,"황토와 모래를 배합한 전통 옹기토를 사용해 코일링 기법으로 성형하고, 잿물유약을 발라 1250도로 구웠습니다.",직사광선을 피해 서늘한 곳에 보관하세요. 급격한 온도 변화와 충격에 약합니다.
144,10,ONGGI,옹기컵,항아리점토 옹기컵,48000,항아리점토,GREEN,HOUSEWARMING,발효,True,False,False,True,False,ON_SALE,23,36,17,88.0,"황토와 모래를 배합한 전통 옹기토를 사용해 코일링 기법으로 성형하고, 잿물유약을 발라 1250도로 구웠습니다.",처음 사용 전 쌀뜨물을 채워 하루 불려 주세요. 이후 중성세제로 가볍게 씻어 그늘에서 건조하세요.
145,10,ONGGI,옹기화분,흑유약옹기 옹기화분,67000,흑유약옹기,BROWN,,실용|인테리어,False,False,False,False,True,ON_SALE,7,9,1,25.5,전통 옹기 기법으로 발로 밟아 반죽한 점토를 손으로 쌓아 올린 뒤 장작가마에서 8시간 구워 완성했습니다.,직사광선을 피해 서늘한 곳에 보관하세요. 급격한 온도 변화와 충격에 약합니다.
146,10,ONGGI,화분,전통옹기토 화분,241000,전통옹기토,BROWN,HOUSEWARMING,발효,False,True,False,False,False,ON_SALE,13,22,11,55.0,전통 옹기 기법으로 발로 밟아 반죽한 점토를 손으로 쌓아 올린 뒤 장작가마에서 8시간 구워 완성했습니다.,처음 사용 전 쌀뜨물을 채워 하루 불려 주세요. 이후 중성세제로 가볍게 씻어 그늘에서 건조하세요.
147,10,ONGGI,물항아리,전통옹기토 물항아리,250000,전통옹기토,BROWN,,실용|선물,False,False,False,False,True,ON_SALE,25,1,10,31.5,"황토와 모래를 배합한 전통 옹기토를 사용해 코일링 기법으로 성형하고, 잿물유약을 발라 1250도로 구웠습니다.",직사광선을 피해 서늘한 곳에 보관하세요. 급격한 온도 변화와 충격에 약합니다.
148,10,ONGGI,장독,흑유약옹기 장독,68000,흑유약옹기,GRAY,,선물,False,True,False,False,False,ON_SALE,7,20,2,34.0,전통 옹기 기법으로 발로 밟아 반죽한 점토를 손으로 쌓아 올린 뒤 장작가마에서 6시간 구워 완성했습니다.,처음 사용 전 쌀뜨물을 채워 하루 불려 주세요. 이후 중성세제로 가볍게 씻어 그늘에서 건조하세요.
149,10,ONGGI,곡물독,회유약옹기 곡물독,280000,회유약옹기,GREEN,BOSS,인테리어,False,True,False,False,False,ON_SALE,25,9,34,81.5,전통 옹기 기법으로 발로 밟아 반죽한 점토를 손으로 쌓아 올린 뒤 장작가마에서 4시간 구워 완성했습니다.,처음 사용 전 쌀뜨물을 채워 하루 불려 주세요. 이후 중성세제로 가볍게 씻어 그늘에서 건조하세요.
150,10,ONGGI,젓갈독,전통옹기토 젓갈독,45000,전통옹기토,BROWN,,발효,False,False,False,False,False,ON_SALE,18,14,2,25.0,"황토와 모래를 배합한 전통 옹기토를 사용해 코일링 기법으로 성형하고, 잿물유약을 발라 1250도로 구웠습니다.",처음 사용 전 쌀뜨물을 채워 하루 불려 주세요. 이후 중성세제로 가볍게 씻어 그늘에서 건조하세요.
151,11,ONGGI,술독,항아리점토 술독,225000,항아리점토,GRAY,,선물,False,False,True,False,False,ON_SALE,20,14,2,25.0,"옛 방식 그대로 가래떡 흙을 쌓아 올리고, 나무 주걱으로 두드려 밀도를 높인 뒤 장작가마에서 구웠습니다. 숨쉬는 옹기의 특성을 살렸습니다.",처음 사용 전 쌀뜨물을 채워 하루 불려 주세요. 이후 중성세제로 가볍게 씻어 그늘에서 건조하세요.
152,11,ONGGI,김치독,전통옹기토 김치독,108000,전통옹기토,BROWN,,선물|발효,False,False,True,False,False,ON_SALE,29,1,18,37.5,"황토와 모래를 배합한 전통 옹기토를 사용해 코일링 기법으로 성형하고, 잿물유약을 발라 1250도로 구웠습니다.",직사광선을 피해 서늘한 곳에 보관하세요. 급격한 온도 변화와 충격에 약합니다.
153,11,ONGGI,옹기접시,흑유약옹기 옹기접시,279000,흑유약옹기,BROWN,,선물|인테리어,False,True,True,False,False,ON_SALE,4,3,5,14.5,전통 옹기 기법으로 발로 밟아 반죽한 점토를 손으로 쌓아 올린 뒤 장작가마에서 7시간 구워 완성했습니다.,처음 사용 전 쌀뜨물을 채워 하루 불려 주세요. 이후 중성세제로 가볍게 씻어 그늘에서 건조하세요.
154,11,ONGGI,옹기컵,항아리점토 옹기컵,221000,항아리점토,BROWN,,실용,True,False,False,False,False,ON_SALE,30,19,2,32.5,전통 옹기 기법으로 발로 밟아 반죽한 점토를 손으로 쌓아 올린 뒤 장작가마에서 10시간 구워 완성했습니다.,직사광선을 피해 서늘한 곳에 보관하세요. 급격한 온도 변화와 충격에 약합니다.
155,11,ONGGI,옹기화분,전통옹기토 옹기화분,289000,전통옹기토,BROWN,HOUSEWARMING,발효,False,False,False,False,True,ON_SALE,12,3,6,26.5,"황토와 모래를 배합한 전통 옹기토를 사용해 코일링 기법으로 성형하고, 잿물유약을 발라 1250도로 구웠습니다.",처음 사용 전 쌀뜨물을 채워 하루 불려 주세요. 이후 중성세제로 가볍게 씻어 그늘에서 건조하세요.
156,11,ONGGI,화분,회유약옹기 화분,125000,회유약옹기,BLACK,HOUSEWARMING,실용,False,True,False,False,False,ON_SALE,11,0,8,16.0,"옛 방식 그대로 가래떡 흙을 쌓아 올리고, 나무 주걱으로 두드려 밀도를 높인 뒤 장작가마에서 구웠습니다. 숨쉬는 옹기의 특성을 살렸습니다.",직사광선을 피해 서늘한 곳에 보관하세요. 급격한 온도 변화와 충격에 약합니다.
157,11,ONGGI,물항아리,전통옹기토 물항아리,239000,전통옹기토,GRAY,,인테리어|발효,False,True,True,False,False,SOLD_OUT,0,9,11,35.5,"옛 방식 그대로 가래떡 흙을 쌓아 올리고, 나무 주걱으로 두드려 밀도를 높인 뒤 장작가마에서 구웠습니다. 숨쉬는 옹기의 특성을 살렸습니다.",처음 사용 전 쌀뜨물을 채워 하루 불려 주세요. 이후 중성세제로 가볍게 씻어 그늘에서 건조하세요.
158,11,ONGGI,장독,항아리점토 장독,247000,항아리점토,GREEN,BOSS,실용,False,False,False,False,False,ON_SALE,9,3,22,48.5,전통 옹기 기법으로 발로 밟아 반죽한 점토를 손으로 쌓아 올린 뒤 장작가마에서 4시간 구워 완성했습니다.,처음 사용 전 쌀뜨물을 채워 하루 불려 주세요. 이후 중성세제로 가볍게 씻어 그늘에서 건조하세요.
159,11,ONGGI,곡물독,항아리점토 곡물독,263000,항아리점토,BROWN,,발효|인테리어,False,False,False,False,False,ON_SALE,26,17,14,53.5,"옛 방식 그대로 가래떡 흙을 쌓아 올리고, 나무 주걱으로 두드려 밀도를 높인 뒤 장작가마에서 구웠습니다. 숨쉬는 옹기의 특성을 살렸습니다.",처음 사용 전 쌀뜨물을 채워 하루 불려 주세요. 이후 중성세제로 가볍게 씻어 그늘에서 건조하세요.
160,11,ONGGI,젓갈독,항아리점토 젓갈독,152000,항아리점토,BLACK,HOUSEWARMING,발효|선물,False,False,False,True,False,ON_SALE,24,11,0,16.5,전통 옹기 기법으로 발로 밟아 반죽한 점토를 손으로 쌓아 올린 뒤 장작가마에서 5시간 구워 완성했습니다.,처음 사용 전 쌀뜨물을 채워 하루 불려 주세요. 이후 중성세제로 가볍게 씻어 그늘에서 건조하세요.
161,11,ONGGI,술독,전통옹기토 술독,91000,전통옹기토,BROWN,BOSS,발효,False,False,True,False,False,ON_SALE,3,3,8,20.5,전통 옹기 기법으로 발로 밟아 반죽한 점토를 손으로 쌓아 올린 뒤 장작가마에서 3시간 구워 완성했습니다.,처음 사용 전 쌀뜨물을 채워 하루 불려 주세요. 이후 중성세제로 가볍게 씻어 그늘에서 건조하세요.
162,11,ONGGI,김치독,흑유약옹기 김치독,50000,흑유약옹기,BROWN,,발효,False,False,False,False,False,SOLD_OUT,0,4,4,14.0,전통 옹기 기법으로 발로 밟아 반죽한 점토를 손으로 쌓아 올린 뒤 장작가마에서 3시간 구워 완성했습니다.,처음 사용 전 쌀뜨물을 채워 하루 불려 주세요. 이후 중성세제로 가볍게 씻어 그늘에서 건조하세요.
163,11,ONGGI,옹기접시,항아리점토 옹기접시,306000,항아리점토,BLACK,BOSS,인테리어|발효,False,False,False,False,False,HIDDEN,5,23,36,106.5,"옛 방식 그대로 가래떡 흙을 쌓아 올리고, 나무 주걱으로 두드려 밀도를 높인 뒤 장작가마에서 구웠습니다. 숨쉬는 옹기의 특성을 살렸습니다.",직사광선을 피해 서늘한 곳에 보관하세요. 급격한 온도 변화와 충격에 약합니다.
164,11,ONGGI,옹기컵,회유약옹기 옹기컵,223000,회유약옹기,GREEN,BOSS,실용|인테리어,False,True,False,False,False,ON_SALE,12,21,62,155.5,전통 옹기 기법으로 발로 밟아 반죽한 점토를 손으로 쌓아 올린 뒤 장작가마에서 8시간 구워 완성했습니다.,처음 사용 전 쌀뜨물을 채워 하루 불려 주세요. 이후 중성세제로 가볍게 씻어 그늘에서 건조하세요.
165,11,ONGGI,옹기화분,항아리점토 옹기화분,137000,항아리점토,GRAY,PARENTS,선물|인테리어,False,False,False,False,False,ON_SALE,12,44,6,78.0,"옛 방식 그대로 가래떡 흙을 쌓아 올리고, 나무 주걱으로 두드려 밀도를 높인 뒤 장작가마에서 구웠습니다. 숨쉬는 옹기의 특성을 살렸습니다.",처음 사용 전 쌀뜨물을 채워 하루 불려 주세요. 이후 중성세제로 가볍게 씻어 그늘에서 건조하세요.
166,12,ONGGI,화분,회유약옹기 화분,44000,회유약옹기,BLACK,PARENTS,인테리어,False,True,False,False,False,ON_SALE,11,18,20,67.0,"황토와 모래를 배합한 전통 옹기토를 사용해 코일링 기법으로 성형하고, 잿물유약을 발라 1250도로 구웠습니다.",처음 사용 전 쌀뜨물을 채워 하루 불려 주세요. 이후 중성세제로 가볍게 씻어 그늘에서 건조하세요.
167,12,ONGGI,물항아리,전통옹기토 물항아리,81000,전통옹기토,GRAY,,인테리어|실용,False,False,True,False,False,ON_SALE,14,23,25,84.5,"옛 방식 그대로 가래떡 흙을 쌓아 올리고, 나무 주걱으로 두드려 밀도를 높인 뒤 장작가마에서 구웠습니다. 숨쉬는 옹기의 특성을 살렸습니다.",직사광선을 피해 서늘한 곳에 보관하세요. 급격한 온도 변화와 충격에 약합니다.
168,12,ONGGI,장독,항아리점토 장독,218000,항아리점토,BLACK,PARENTS,선물|인테리어,False,False,False,False,False,SOLD_OUT,0,0,7,14.0,"옛 방식 그대로 가래떡 흙을 쌓아 올리고, 나무 주걱으로 두드려 밀도를 높인 뒤 장작가마에서 구웠습니다. 숨쉬는 옹기의 특성을 살렸습니다.",처음 사용 전 쌀뜨물을 채워 하루 불려 주세요. 이후 중성세제로 가볍게 씻어 그늘에서 건조하세요.
169,12,ONGGI,곡물독,전통옹기토 곡물독,64000,전통옹기토,GREEN,BOSS,선물,False,False,True,False,False,SOLD_OUT,0,8,2,16.0,전통 옹기 기법으로 발로 밟아 반죽한 점토를 손으로 쌓아 올린 뒤 장작가마에서 5시간 구워 완성했습니다.,처음 사용 전 쌀뜨물을 채워 하루 불려 주세요. 이후 중성세제로 가볍게 씻어 그늘에서 건조하세요.
170,12,ONGGI,젓갈독,흑유약옹기 젓갈독,49000,흑유약옹기,BLACK,,발효|선물,False,False,False,False,False,ON_SALE,16,23,6,46.5,"옛 방식 그대로 가래떡 흙을 쌓아 올리고, 나무 주걱으로 두드려 밀도를 높인 뒤 장작가마에서 구웠습니다. 숨쉬는 옹기의 특성을 살렸습니다.",처음 사용 전 쌀뜨물을 채워 하루 불려 주세요. 이후 중성세제로 가볍게 씻어 그늘에서 건조하세요.
171,12,ONGGI,술독,항아리점토 술독,175000,항아리점토,GREEN,BOSS,선물,False,True,True,False,False,ON_SALE,29,57,3,91.5,"옛 방식 그대로 가래떡 흙을 쌓아 올리고, 나무 주걱으로 두드려 밀도를 높인 뒤 장작가마에서 구웠습니다. 숨쉬는 옹기의 특성을 살렸습니다.",직사광선을 피해 서늘한 곳에 보관하세요. 급격한 온도 변화와 충격에 약합니다.
172,12,ONGGI,김치독,전통옹기토 김치독,105000,전통옹기토,GREEN,BOSS,인테리어,False,True,False,False,False,ON_SALE,10,5,0,7.5,"황토와 모래를 배합한 전통 옹기토를 사용해 코일링 기법으로 성형하고, 잿물유약을 발라 1250도로 구웠습니다.",직사광선을 피해 서늘한 곳에 보관하세요. 급격한 온도 변화와 충격에 약합니다.
173,12,ONGGI,옹기접시,항아리점토 옹기접시,243000,항아리점토,BROWN,,선물,False,False,True,True,False,ON_SALE,3,9,0,13.5,"황토와 모래를 배합한 전통 옹기토를 사용해 코일링 기법으로 성형하고, 잿물유약을 발라 1250도로 구웠습니다.",직사광선을 피해 서늘한 곳에 보관하세요. 급격한 온도 변화와 충격에 약합니다.
174,12,ONGGI,옹기컵,회유약옹기 옹기컵,119000,회유약옹기,BLACK,PARENTS,발효|실용,False,False,False,False,False,ON_SALE,25,17,0,25.5,"옛 방식 그대로 가래떡 흙을 쌓아 올리고, 나무 주걱으로 두드려 밀도를 높인 뒤 장작가마에서 구웠습니다. 숨쉬는 옹기의 특성을 살렸습니다.",직사광선을 피해 서늘한 곳에 보관하세요. 급격한 온도 변화와 충격에 약합니다.
175,12,ONGGI,옹기화분,회유약옹기 옹기화분,223000,회유약옹기,GRAY,PARENTS,발효|선물,False,True,False,False,False,SOLD_OUT,0,24,9,54.0,"옛 방식 그대로 가래떡 흙을 쌓아 올리고, 나무 주걱으로 두드려 밀도를 높인 뒤 장작가마에서 구웠습니다. 숨쉬는 옹기의 특성을 살렸습니다.",처음 사용 전 쌀뜨물을 채워 하루 불려 주세요. 이후 중성세제로 가볍게 씻어 그늘에서 건조하세요.
176,12,ONGGI,화분,전통옹기토 화분,133000,전통옹기토,GREEN,HOUSEWARMING,실용,False,False,False,False,False,ON_SALE,9,5,10,27.5,전통 옹기 기법으로 발로 밟아 반죽한 점토를 손으로 쌓아 올린 뒤 장작가마에서 5시간 구워 완성했습니다.,처음 사용 전 쌀뜨물을 채워 하루 불려 주세요. 이후 중성세제로 가볍게 씻어 그늘에서 건조하세요.
177,12,ONGGI,물항아리,회유약옹기 물항아리,166000,회유약옹기,GREEN,,인테리어|선물,False,False,True,False,False,ON_SALE,4,38,6,69.0,전통 옹기 기법으로 발로 밟아 반죽한 점토를 손으로 쌓아 올린 뒤 장작가마에서 11시간 구워 완성했습니다.,직사광선을 피해 서늘한 곳에 보관하세요. 급격한 온도 변화와 충격에 약합니다.
178,12,ONGGI,장독,흑유약옹기 장독,273000,흑유약옹기,GREEN,BOSS,인테리어|발효,False,False,False,False,False,ON_SALE,23,4,10,26.0,"황토와 모래를 배합한 전통 옹기토를 사용해 코일링 기법으로 성형하고, 잿물유약을 발라 1250도로 구웠습니다.",직사광선을 피해 서늘한 곳에 보관하세요. 급격한 온도 변화와 충격에 약합니다.
179,12,ONGGI,곡물독,전통옹기토 곡물독,168000,전통옹기토,BLACK,PARENTS,인테리어|발효,False,False,False,False,False,ON_SALE,3,3,1,6.5,"황토와 모래를 배합한 전통 옹기토를 사용해 코일링 기법으로 성형하고, 잿물유약을 발라 1250도로 구웠습니다.",직사광선을 피해 서늘한 곳에 보관하세요. 급격한 온도 변화와 충격에 약합니다.
180,12,ONGGI,젓갈독,흑유약옹기 젓갈독,58000,흑유약옹기,BROWN,,발효|인테리어,False,False,True,False,False,ON_SALE,8,0,0,0.0,"황토와 모래를 배합한 전통 옹기토를 사용해 코일링 기법으로 성형하고, 잿물유약을 발라 1250도로 구웠습니다.",처음 사용 전 쌀뜨물을 채워 하루 불려 주세요. 이후 중성세제로 가볍게 씻어 그늘에서 건조하세요.
181,13,ONGGI,술독,흑유약옹기 술독,88000,흑유약옹기,BLACK,BOSS,실용,False,False,False,False,False,ON_SALE,27,33,11,71.5,"옛 방식 그대로 가래떡 흙을 쌓아 올리고, 나무 주걱으로 두드려 밀도를 높인 뒤 장작가마에서 구웠습니다. 숨쉬는 옹기의 특성을 살렸습니다.",처음 사용 전 쌀뜨물을 채워 하루 불려 주세요. 이후 중성세제로 가볍게 씻어 그늘에서 건조하세요.
182,13,ONGGI,김치독,흑유약옹기 김치독,108000,흑유약옹기,BROWN,,실용,False,True,False,False,False,SOLD_OUT,0,17,5,35.5,전통 옹기 기법으로 발로 밟아 반죽한 점토를 손으로 쌓아 올린 뒤 장작가마에서 9시간 구워 완성했습니다.,처음 사용 전 쌀뜨물을 채워 하루 불려 주세요. 이후 중성세제로 가볍게 씻어 그늘에서 건조하세요.
183,13,ONGGI,옹기접시,전통옹기토 옹기접시,165000,전통옹기토,GRAY,,발효|실용,False,False,False,False,False,ON_SALE,17,112,27,222.0,"황토와 모래를 배합한 전통 옹기토를 사용해 코일링 기법으로 성형하고, 잿물유약을 발라 1250도로 구웠습니다.",직사광선을 피해 서늘한 곳에 보관하세요. 급격한 온도 변화와 충격에 약합니다.
184,13,ONGGI,옹기컵,흑유약옹기 옹기컵,197000,흑유약옹기,BROWN,BOSS,선물|실용,False,False,False,False,False,ON_SALE,2,24,12,60.0,"옛 방식 그대로 가래떡 흙을 쌓아 올리고, 나무 주걱으로 두드려 밀도를 높인 뒤 장작가마에서 구웠습니다. 숨쉬는 옹기의 특성을 살렸습니다.",직사광선을 피해 서늘한 곳에 보관하세요. 급격한 온도 변화와 충격에 약합니다.
185,13,ONGGI,옹기화분,흑유약옹기 옹기화분,176000,흑유약옹기,GRAY,,발효|실용,False,False,False,False,False,ON_SALE,22,11,12,40.5,"옛 방식 그대로 가래떡 흙을 쌓아 올리고, 나무 주걱으로 두드려 밀도를 높인 뒤 장작가마에서 구웠습니다. 숨쉬는 옹기의 특성을 살렸습니다.",직사광선을 피해 서늘한 곳에 보관하세요. 급격한 온도 변화와 충격에 약합니다.
186,13,ONGGI,화분,흑유약옹기 화분,175000,흑유약옹기,GRAY,PARENTS,발효,False,False,False,False,False,SOLD_OUT,0,15,2,26.5,전통 옹기 기법으로 발로 밟아 반죽한 점토를 손으로 쌓아 올린 뒤 장작가마에서 11시간 구워 완성했습니다.,직사광선을 피해 서늘한 곳에 보관하세요. 급격한 온도 변화와 충격에 약합니다.
187,13,ONGGI,물항아리,회유약옹기 물항아리,175000,회유약옹기,BLACK,HOUSEWARMING,인테리어|실용,False,False,False,True,False,ON_SALE,28,17,6,37.5,"황토와 모래를 배합한 전통 옹기토를 사용해 코일링 기법으로 성형하고, 잿물유약을 발라 1250도로 구웠습니다.",처음 사용 전 쌀뜨물을 채워 하루 불려 주세요. 이후 중성세제로 가볍게 씻어 그늘에서 건조하세요.
188,13,ONGGI,장독,항아리점토 장독,234000,항아리점토,GRAY,,실용|발효,False,False,False,False,False,ON_SALE,1,9,1,15.5,전통 옹기 기법으로 발로 밟아 반죽한 점토를 손으로 쌓아 올린 뒤 장작가마에서 6시간 구워 완성했습니다.,처음 사용 전 쌀뜨물을 채워 하루 불려 주세요. 이후 중성세제로 가볍게 씻어 그늘에서 건조하세요.
189,13,ONGGI,곡물독,회유약옹기 곡물독,244000,회유약옹기,BROWN,,발효|실용,True,False,False,False,False,ON_SALE,17,3,9,22.5,"옛 방식 그대로 가래떡 흙을 쌓아 올리고, 나무 주걱으로 두드려 밀도를 높인 뒤 장작가마에서 구웠습니다. 숨쉬는 옹기의 특성을 살렸습니다.",처음 사용 전 쌀뜨물을 채워 하루 불려 주세요. 이후 중성세제로 가볍게 씻어 그늘에서 건조하세요.
190,13,ONGGI,젓갈독,항아리점토 젓갈독,77000,항아리점토,BLACK,HOUSEWARMING,선물|인테리어,False,False,True,False,False,ON_SALE,29,17,1,27.5,"황토와 모래를 배합한 전통 옹기토를 사용해 코일링 기법으로 성형하고, 잿물유약을 발라 1250도로 구웠습니다.",직사광선을 피해 서늘한 곳에 보관하세요. 급격한 온도 변화와 충격에 약합니다.
191,13,ONGGI,술독,항아리점토 술독,141000,항아리점토,GRAY,PARENTS,실용,False,False,True,False,False,ON_SALE,29,15,11,44.5,"옛 방식 그대로 가래떡 흙을 쌓아 올리고, 나무 주걱으로 두드려 밀도를 높인 뒤 장작가마에서 구웠습니다. 숨쉬는 옹기의 특성을 살렸습니다.",처음 사용 전 쌀뜨물을 채워 하루 불려 주세요. 이후 중성세제로 가볍게 씻어 그늘에서 건조하세요.
192,13,ONGGI,김치독,전통옹기토 김치독,84000,전통옹기토,BROWN,HOUSEWARMING,발효|실용,False,False,True,False,False,ON_SALE,22,1,5,11.5,"옛 방식 그대로 가래떡 흙을 쌓아 올리고, 나무 주걱으로 두드려 밀도를 높인 뒤 장작가마에서 구웠습니다. 숨쉬는 옹기의 특성을 살렸습니다.",처음 사용 전 쌀뜨물을 채워 하루 불려 주세요. 이후 중성세제로 가볍게 씻어 그늘에서 건조하세요.
193,13,ONGGI,옹기접시,회유약옹기 옹기접시,169000,회유약옹기,BROWN,,인테리어,False,True,True,False,False,ON_SALE,10,2,6,15.0,전통 옹기 기법으로 발로 밟아 반죽한 점토를 손으로 쌓아 올린 뒤 장작가마에서 11시간 구워 완성했습니다.,직사광선을 피해 서늘한 곳에 보관하세요. 급격한 온도 변화와 충격에 약합니다.
194,13,ONGGI,옹기컵,흑유약옹기 옹기컵,70000,흑유약옹기,GRAY,PARENTS,발효,False,False,True,False,False,ON_SALE,15,67,2,104.5,"황토와 모래를 배합한 전통 옹기토를 사용해 코일링 기법으로 성형하고, 잿물유약을 발라 1250도로 구웠습니다.",처음 사용 전 쌀뜨물을 채워 하루 불려 주세요. 이후 중성세제로 가볍게 씻어 그늘에서 건조하세요.
195,13,ONGGI,옹기화분,전통옹기토 옹기화분,209000,전통옹기토,GRAY,HOUSEWARMING,발효|선물,True,False,True,False,False,ON_SALE,12,33,24,97.5,"황토와 모래를 배합한 전통 옹기토를 사용해 코일링 기법으로 성형하고, 잿물유약을 발라 1250도로 구웠습니다.",처음 사용 전 쌀뜨물을 채워 하루 불려 주세요. 이후 중성세제로 가볍게 씻어 그늘에서 건조하세요.
196,14,ONGGI,화분,흑유약옹기 화분,230000,흑유약옹기,BLACK,,발효|실용,False,False,False,False,False,ON_SALE,23,19,31,90.5,전통 옹기 기법으로 발로 밟아 반죽한 점토를 손으로 쌓아 올린 뒤 장작가마에서 5시간 구워 완성했습니다.,처음 사용 전 쌀뜨물을 채워 하루 불려 주세요. 이후 중성세제로 가볍게 씻어 그늘에서 건조하세요.
197,14,ONGGI,물항아리,회유약옹기 물항아리,117000,회유약옹기,GREEN,HOUSEWARMING,선물|발효,False,False,False,False,False,ON_SALE,29,7,0,10.5,"황토와 모래를 배합한 전통 옹기토를 사용해 코일링 기법으로 성형하고, 잿물유약을 발라 1250도로 구웠습니다.",직사광선을 피해 서늘한 곳에 보관하세요. 급격한 온도 변화와 충격에 약합니다.
198,14,ONGGI,장독,전통옹기토 장독,246000,전통옹기토,GRAY,BOSS,발효,False,False,True,False,False,ON_SALE,1,15,1,24.5,"황토와 모래를 배합한 전통 옹기토를 사용해 코일링 기법으로 성형하고, 잿물유약을 발라 1250도로 구웠습니다.",직사광선을 피해 서늘한 곳에 보관하세요. 급격한 온도 변화와 충격에 약합니다.
199,14,ONGGI,곡물독,항아리점토 곡물독,148000,항아리점토,BROWN,,선물|인테리어,False,False,False,False,False,ON_SALE,15,1,5,11.5,"황토와 모래를 배합한 전통 옹기토를 사용해 코일링 기법으로 성형하고, 잿물유약을 발라 1250도로 구웠습니다.",처음 사용 전 쌀뜨물을 채워 하루 불려 주세요. 이후 중성세제로 가볍게 씻어 그늘에서 건조하세요.
200,14,ONGGI,젓갈독,회유약옹기 젓갈독,236000,회유약옹기,BROWN,,인테리어,True,False,False,False,False,ON_SALE,22,9,3,19.5,전통 옹기 기법으로 발로 밟아 반죽한 점토를 손으로 쌓아 올린 뒤 장작가마에서 4시간 구워 완성했습니다.,처음 사용 전 쌀뜨물을 채워 하루 불려 주세요. 이후 중성세제로 가볍게 씻어 그늘에서 건조하세요.
201,14,ONGGI,술독,회유약옹기 술독,211000,회유약옹기,BLACK,,인테리어|발효,False,True,False,False,False,ON_SALE,12,18,0,27.0,전통 옹기 기법으로 발로 밟아 반죽한 점토를 손으로 쌓아 올린 뒤 장작가마에서 11시간 구워 완성했습니다.,직사광선을 피해 서늘한 곳에 보관하세요. 급격한 온도 변화와 충격에 약합니다.
202,14,ONGGI,김치독,항아리점토 김치독,125000,항아리점토,GREEN,,인테리어,False,False,False,False,True,ON_SALE,30,15,8,48.5,전통 옹기 기법으로 발로 밟아 반죽한 점토를 손으로 쌓아 올린 뒤 장작가마에서 4시간 구워 완성했습니다.,직사광선을 피해 서늘한 곳에 보관하세요. 급격한 온도 변화와 충격에 약합니다.
203,14,ONGGI,옹기접시,회유약옹기 옹기접시,296000,회유약옹기,GRAY,,발효,False,False,False,False,False,ON_SALE,27,2,3,9.0,"옛 방식 그대로 가래떡 흙을 쌓아 올리고, 나무 주걱으로 두드려 밀도를 높인 뒤 장작가마에서 구웠습니다. 숨쉬는 옹기의 특성을 살렸습니다.",직사광선을 피해 서늘한 곳에 보관하세요. 급격한 온도 변화와 충격에 약합니다.
204,14,ONGGI,옹기컵,회유약옹기 옹기컵,165000,회유약옹기,GREEN,,선물|실용,False,True,False,False,False,ON_SALE,18,29,9,61.5,"옛 방식 그대로 가래떡 흙을 쌓아 올리고, 나무 주걱으로 두드려 밀도를 높인 뒤 장작가마에서 구웠습니다. 숨쉬는 옹기의 특성을 살렸습니다.",처음 사용 전 쌀뜨물을 채워 하루 불려 주세요. 이후 중성세제로 가볍게 씻어 그늘에서 건조하세요.
205,14,ONGGI,옹기화분,항아리점토 옹기화분,201000,항아리점토,GRAY,,실용,False,False,False,False,False,ON_SALE,22,18,8,43.0,"옛 방식 그대로 가래떡 흙을 쌓아 올리고, 나무 주걱으로 두드려 밀도를 높인 뒤 장작가마에서 구웠습니다. 숨쉬는 옹기의 특성을 살렸습니다.",직사광선을 피해 서늘한 곳에 보관하세요. 급격한 온도 변화와 충격에 약합니다.
206,14,ONGGI,화분,회유약옹기 화분,37000,회유약옹기,BROWN,,실용|인테리어,True,False,False,False,False,ON_SALE,2,17,2,29.5,"옛 방식 그대로 가래떡 흙을 쌓아 올리고, 나무 주걱으로 두드려 밀도를 높인 뒤 장작가마에서 구웠습니다. 숨쉬는 옹기의 특성을 살렸습니다.",처음 사용 전 쌀뜨물을 채워 하루 불려 주세요. 이후 중성세제로 가볍게 씻어 그늘에서 건조하세요.
207,14,ONGGI,물항아리,흑유약옹기 물항아리,312000,흑유약옹기,GREEN,,실용|선물,False,False,False,True,False,ON_SALE,26,55,2,86.5,"옛 방식 그대로 가래떡 흙을 쌓아 올리고, 나무 주걱으로 두드려 밀도를 높인 뒤 장작가마에서 구웠습니다. 숨쉬는 옹기의 특성을 살렸습니다.",처음 사용 전 쌀뜨물을 채워 하루 불려 주세요. 이후 중성세제로 가볍게 씻어 그늘에서 건조하세요.
208,14,ONGGI,장독,전통옹기토 장독,140000,전통옹기토,BLACK,PARENTS,실용|선물,False,True,False,False,False,ON_SALE,13,0,2,4.0,"황토와 모래를 배합한 전통 옹기토를 사용해 코일링 기법으로 성형하고, 잿물유약을 발라 1250도로 구웠습니다.",처음 사용 전 쌀뜨물을 채워 하루 불려 주세요. 이후 중성세제로 가볍게 씻어 그늘에서 건조하세요.
209,14,ONGGI,곡물독,항아리점토 곡물독,263000,항아리점토,BLACK,PARENTS,인테리어,False,False,False,False,False,ON_SALE,26,12,3,24.0,"옛 방식 그대로 가래떡 흙을 쌓아 올리고, 나무 주걱으로 두드려 밀도를 높인 뒤 장작가마에서 구웠습니다. 숨쉬는 옹기의 특성을 살렸습니다.",직사광선을 피해 서늘한 곳에 보관하세요. 급격한 온도 변화와 충격에 약합니다.
210,14,ONGGI,젓갈독,항아리점토 젓갈독,283000,항아리점토,GRAY,,발효,False,True,True,False,False,ON_SALE,7,45,7,81.5,"황토와 모래를 배합한 전통 옹기토를 사용해 코일링 기법으로 성형하고, 잿물유약을 발라 1250도로 구웠습니다.",처음 사용 전 쌀뜨물을 채워 하루 불려 주세요. 이후 중성세제로 가볍게 씻어 그늘에서 건조하세요.
211,15,ONGGI,술독,전통옹기토 술독,149000,전통옹기토,BLACK,,선물,False,False,False,False,False,SOLD_OUT,0,25,3,43.5,"옛 방식 그대로 가래떡 흙을 쌓아 올리고, 나무 주걱으로 두드려 밀도를 높인 뒤 장작가마에서 구웠습니다. 숨쉬는 옹기의 특성을 살렸습니다.",직사광선을 피해 서늘한 곳에 보관하세요. 급격한 온도 변화와 충격에 약합니다.
212,15,ONGGI,김치독,회유약옹기 김치독,189000,회유약옹기,BROWN,PARENTS,인테리어,False,False,False,False,False,ON_SALE,7,30,4,53.0,전통 옹기 기법으로 발로 밟아 반죽한 점토를 손으로 쌓아 올린 뒤 장작가마에서 7시간 구워 완성했습니다.,처음 사용 전 쌀뜨물을 채워 하루 불려 주세요. 이후 중성세제로 가볍게 씻어 그늘에서 건조하세요.
213,15,ONGGI,옹기접시,회유약옹기 옹기접시,260000,회유약옹기,BROWN,HOUSEWARMING,인테리어|발효,True,False,False,False,False,ON_SALE,13,8,4,20.0,"황토와 모래를 배합한 전통 옹기토를 사용해 코일링 기법으로 성형하고, 잿물유약을 발라 1250도로 구웠습니다.",처음 사용 전 쌀뜨물을 채워 하루 불려 주세요. 이후 중성세제로 가볍게 씻어 그늘에서 건조하세요.
214,15,ONGGI,옹기컵,회유약옹기 옹기컵,57000,회유약옹기,BROWN,BOSS,인테리어,False,True,False,False,True,ON_SALE,15,7,13,46.5,전통 옹기 기법으로 발로 밟아 반죽한 점토를 손으로 쌓아 올린 뒤 장작가마에서 11시간 구워 완성했습니다.,직사광선을 피해 서늘한 곳에 보관하세요. 급격한 온도 변화와 충격에 약합니다.
215,15,ONGGI,옹기화분,항아리점토 옹기화분,304000,항아리점토,GRAY,,실용|발효,False,False,False,False,False,ON_SALE,28,12,1,20.0,전통 옹기 기법으로 발로 밟아 반죽한 점토를 손으로 쌓아 올린 뒤 장작가마에서 5시간 구워 완성했습니다.,직사광선을 피해 서늘한 곳에 보관하세요. 급격한 온도 변화와 충격에 약합니다.
216,15,ONGGI,화분,전통옹기토 화분,133000,전통옹기토,BLACK,PARENTS,실용|인테리어,False,False,True,False,False,ON_SALE,28,20,36,102.0,"옛 방식 그대로 가래떡 흙을 쌓아 올리고, 나무 주걱으로 두드려 밀도를 높인 뒤 장작가마에서 구웠습니다. 숨쉬는 옹기의 특성을 살렸습니다.",직사광선을 피해 서늘한 곳에 보관하세요. 급격한 온도 변화와 충격에 약합니다.
217,15,ONGGI,물항아리,전통옹기토 물항아리,75000,전통옹기토,BLACK,BOSS,발효,False,False,True,False,True,ON_SALE,16,8,7,36.0,"황토와 모래를 배합한 전통 옹기토를 사용해 코일링 기법으로 성형하고, 잿물유약을 발라 1250도로 구웠습니다.",처음 사용 전 쌀뜨물을 채워 하루 불려 주세요. 이후 중성세제로 가볍게 씻어 그늘에서 건조하세요.
218,15,ONGGI,장독,흑유약옹기 장독,27000,흑유약옹기,BLACK,,실용|인테리어,False,False,False,False,False,ON_SALE,15,8,11,34.0,"황토와 모래를 배합한 전통 옹기토를 사용해 코일링 기법으로 성형하고, 잿물유약을 발라 1250도로 구웠습니다.",처음 사용 전 쌀뜨물을 채워 하루 불려 주세요. 이후 중성세제로 가볍게 씻어 그늘에서 건조하세요.
219,15,ONGGI,곡물독,항아리점토 곡물독,300000,항아리점토,BROWN,,선물,False,True,True,True,False,ON_SALE,19,12,11,40.0,전통 옹기 기법으로 발로 밟아 반죽한 점토를 손으로 쌓아 올린 뒤 장작가마에서 7시간 구워 완성했습니다.,처음 사용 전 쌀뜨물을 채워 하루 불려 주세요. 이후 중성세제로 가볍게 씻어 그늘에서 건조하세요.
220,15,ONGGI,젓갈독,흑유약옹기 젓갈독,225000,흑유약옹기,GREEN,PARENTS,선물,False,False,False,False,False,ON_SALE,26,60,9,108.0,"옛 방식 그대로 가래떡 흙을 쌓아 올리고, 나무 주걱으로 두드려 밀도를 높인 뒤 장작가마에서 구웠습니다. 숨쉬는 옹기의 특성을 살렸습니다.",처음 사용 전 쌀뜨물을 채워 하루 불려 주세요. 이후 중성세제로 가볍게 씻어 그늘에서 건조하세요.
221,15,ONGGI,술독,회유약옹기 술독,272000,회유약옹기,GRAY,,인테리어|발효,False,True,False,True,False,SOLD_OUT,0,6,5,19.0,"황토와 모래를 배합한 전통 옹기토를 사용해 코일링 기법으로 성형하고, 잿물유약을 발라 1250도로 구웠습니다.",처음 사용 전 쌀뜨물을 채워 하루 불려 주세요. 이후 중성세제로 가볍게 씻어 그늘에서 건조하세요.
222,15,ONGGI,김치독,전통옹기토 김치독,159000,전통옹기토,BLACK,,발효,False,False,False,True,False,SOLD_OUT,0,3,4,12.5,"황토와 모래를 배합한 전통 옹기토를 사용해 코일링 기법으로 성형하고, 잿물유약을 발라 1250도로 구웠습니다.",직사광선을 피해 서늘한 곳에 보관하세요. 급격한 온도 변화와 충격에 약합니다.
223,15,ONGGI,옹기접시,회유약옹기 옹기접시,250000,회유약옹기,BROWN,HOUSEWARMING,실용,False,False,True,False,False,ON_SALE,22,3,13,30.5,"옛 방식 그대로 가래떡 흙을 쌓아 올리고, 나무 주걱으로 두드려 밀도를 높인 뒤 장작가마에서 구웠습니다. 숨쉬는 옹기의 특성을 살렸습니다.",처음 사용 전 쌀뜨물을 채워 하루 불려 주세요. 이후 중성세제로 가볍게 씻어 그늘에서 건조하세요.
224,15,ONGGI,옹기컵,회유약옹기 옹기컵,107000,회유약옹기,GREEN,HOUSEWARMING,인테리어|발효,True,False,True,False,False,ON_SALE,6,4,1,8.0,"황토와 모래를 배합한 전통 옹기토를 사용해 코일링 기법으로 성형하고, 잿물유약을 발라 1250도로 구웠습니다.",처음 사용 전 쌀뜨물을 채워 하루 불려 주세요. 이후 중성세제로 가볍게 씻어 그늘에서 건조하세요.
225,15,ONGGI,옹기화분,흑유약옹기 옹기화분,266000,흑유약옹기,BROWN,,실용|인테리어,False,True,False,False,False,ON_SALE,6,19,3,34.5,"황토와 모래를 배합한 전통 옹기토를 사용해 코일링 기법으로 성형하고, 잿물유약을 발라 1250도로 구웠습니다.",처음 사용 전 쌀뜨물을 채워 하루 불려 주세요. 이후 중성세제로 가볍게 씻어 그늘에서 건조하세요.
226,16,ONGGI,화분,항아리점토 화분,80000,항아리점토,GREEN,,실용,False,False,False,False,True,ON_SALE,20,13,16,61.5,"옛 방식 그대로 가래떡 흙을 쌓아 올리고, 나무 주걱으로 두드려 밀도를 높인 뒤 장작가마에서 구웠습니다. 숨쉬는 옹기의 특성을 살렸습니다.",처음 사용 전 쌀뜨물을 채워 하루 불려 주세요. 이후 중성세제로 가볍게 씻어 그늘에서 건조하세요.
227,16,ONGGI,물항아리,전통옹기토 물항아리,245000,전통옹기토,GREEN,,선물|인테리어,False,True,False,False,False,ON_SALE,24,35,14,80.5,"옛 방식 그대로 가래떡 흙을 쌓아 올리고, 나무 주걱으로 두드려 밀도를 높인 뒤 장작가마에서 구웠습니다. 숨쉬는 옹기의 특성을 살렸습니다.",처음 사용 전 쌀뜨물을 채워 하루 불려 주세요. 이후 중성세제로 가볍게 씻어 그늘에서 건조하세요.
228,16,ONGGI,장독,회유약옹기 장독,144000,회유약옹기,GRAY,,선물,False,False,True,False,False,ON_SALE,4,11,3,22.5,전통 옹기 기법으로 발로 밟아 반죽한 점토를 손으로 쌓아 올린 뒤 장작가마에서 7시간 구워 완성했습니다.,직사광선을 피해 서늘한 곳에 보관하세요. 급격한 온도 변화와 충격에 약합니다.
229,16,ONGGI,곡물독,회유약옹기 곡물독,243000,회유약옹기,BLACK,,선물|발효,False,False,False,False,False,ON_SALE,18,9,3,19.5,"옛 방식 그대로 가래떡 흙을 쌓아 올리고, 나무 주걱으로 두드려 밀도를 높인 뒤 장작가마에서 구웠습니다. 숨쉬는 옹기의 특성을 살렸습니다.",직사광선을 피해 서늘한 곳에 보관하세요. 급격한 온도 변화와 충격에 약합니다.
230,16,ONGGI,젓갈독,흑유약옹기 젓갈독,228000,흑유약옹기,BLACK,,인테리어,False,False,False,False,False,ON_SALE,26,11,9,34.5,"옛 방식 그대로 가래떡 흙을 쌓아 올리고, 나무 주걱으로 두드려 밀도를 높인 뒤 장작가마에서 구웠습니다. 숨쉬는 옹기의 특성을 살렸습니다.",처음 사용 전 쌀뜨물을 채워 하루 불려 주세요. 이후 중성세제로 가볍게 씻어 그늘에서 건조하세요.
231,16,ONGGI,술독,항아리점토 술독,99000,항아리점토,GREEN,HOUSEWARMING,발효|인테리어,False,False,False,False,False,ON_SALE,21,11,9,34.5,"옛 방식 그대로 가래떡 흙을 쌓아 올리고, 나무 주걱으로 두드려 밀도를 높인 뒤 장작가마에서 구웠습니다. 숨쉬는 옹기의 특성을 살렸습니다.",처음 사용 전 쌀뜨물을 채워 하루 불려 주세요. 이후 중성세제로 가볍게 씻어 그늘에서 건조하세요.
232,16,ONGGI,김치독,항아리점토 김치독,128000,항아리점토,GREEN,,실용|인테리어,False,False,True,False,True,ON_SALE,1,55,0,92.5,"황토와 모래를 배합한 전통 옹기토를 사용해 코일링 기법으로 성형하고, 잿물유약을 발라 1250도로 구웠습니다.",직사광선을 피해 서늘한 곳에 보관하세요. 급격한 온도 변화와 충격에 약합니다.
233,16,ONGGI,옹기접시,흑유약옹기 옹기접시,290000,흑유약옹기,GREEN,HOUSEWARMING,인테리어,False,False,False,False,False,ON_SALE,8,13,1,21.5,"황토와 모래를 배합한 전통 옹기토를 사용해 코일링 기법으로 성형하고, 잿물유약을 발라 1250도로 구웠습니다.",처음 사용 전 쌀뜨물을 채워 하루 불려 주세요. 이후 중성세제로 가볍게 씻어 그늘에서 건조하세요.
234,16,ONGGI,옹기컵,흑유약옹기 옹기컵,311000,흑유약옹기,GRAY,BOSS,선물,False,False,False,False,False,ON_SALE,23,8,3,18.0,"황토와 모래를 배합한 전통 옹기토를 사용해 코일링 기법으로 성형하고, 잿물유약을 발라 1250도로 구웠습니다.",처음 사용 전 쌀뜨물을 채워 하루 불려 주세요. 이후 중성세제로 가볍게 씻어 그늘에서 건조하세요.
235,16,ONGGI,옹기화분,흑유약옹기 옹기화분,271000,흑유약옹기,GREEN,HOUSEWARMING,선물,False,False,True,False,False,ON_SALE,12,10,0,15.0,"황토와 모래를 배합한 전통 옹기토를 사용해 코일링 기법으로 성형하고, 잿물유약을 발라 1250도로 구웠습니다.",처음 사용 전 쌀뜨물을 채워 하루 불려 주세요. 이후 중성세제로 가볍게 씻어 그늘에서 건조하세요.
236,16,ONGGI,화분,흑유약옹기 화분,63000,흑유약옹기,BROWN,BOSS,발효,False,False,True,False,False,SOLD_OUT,0,10,1,17.0,"옛 방식 그대로 가래떡 흙을 쌓아 올리고, 나무 주걱으로 두드려 밀도를 높인 뒤 장작가마에서 구웠습니다. 숨쉬는 옹기의 특성을 살렸습니다.",처음 사용 전 쌀뜨물을 채워 하루 불려 주세요. 이후 중성세제로 가볍게 씻어 그늘에서 건조하세요.
237,16,ONGGI,물항아리,흑유약옹기 물항아리,152000,흑유약옹기,GRAY,HOUSEWARMING,실용|인테리어,False,False,False,False,False,ON_SALE,2,28,3,48.0,"황토와 모래를 배합한 전통 옹기토를 사용해 코일링 기법으로 성형하고, 잿물유약을 발라 1250도로 구웠습니다.",직사광선을 피해 서늘한 곳에 보관하세요. 급격한 온도 변화와 충격에 약합니다.
238,16,ONGGI,장독,흑유약옹기 장독,228000,흑유약옹기,GREEN,HOUSEWARMING,실용,False,False,False,True,False,ON_SALE,25,2,30,63.0,"옛 방식 그대로 가래떡 흙을 쌓아 올리고, 나무 주걱으로 두드려 밀도를 높인 뒤 장작가마에서 구웠습니다. 숨쉬는 옹기의 특성을 살렸습니다.",직사광선을 피해 서늘한 곳에 보관하세요. 급격한 온도 변화와 충격에 약합니다.
239,16,ONGGI,곡물독,흑유약옹기 곡물독,219000,흑유약옹기,BROWN,BOSS,선물,False,False,False,False,False,ON_SALE,12,3,4,12.5,"황토와 모래를 배합한 전통 옹기토를 사용해 코일링 기법으로 성형하고, 잿물유약을 발라 1250도로 구웠습니다.",직사광선을 피해 서늘한 곳에 보관하세요. 급격한 온도 변화와 충격에 약합니다.
240,16,ONGGI,젓갈독,흑유약옹기 젓갈독,117000,흑유약옹기,GREEN,,실용,True,False,True,False,False,ON_SALE,24,2,13,29.0,전통 옹기 기법으로 발로 밟아 반죽한 점토를 손으로 쌓아 올린 뒤 장작가마에서 7시간 구워 완성했습니다.,직사광선을 피해 서늘한 곳에 보관하세요. 급격한 온도 변화와 충격에 약합니다.
241,17,ONGGI,술독,회유약옹기 술독,274000,회유약옹기,GRAY,,선물|발효,False,False,False,True,False,ON_SALE,21,1,10,21.5,"황토와 모래를 배합한 전통 옹기토를 사용해 코일링 기법으로 성형하고, 잿물유약을 발라 1250도로 구웠습니다.",직사광선을 피해 서늘한 곳에 보관하세요. 급격한 온도 변화와 충격에 약합니다.
242,17,ONGGI,김치독,흑유약옹기 김치독,235000,흑유약옹기,BLACK,,선물,False,False,False,False,False,SOLD_OUT,0,5,3,13.5,"옛 방식 그대로 가래떡 흙을 쌓아 올리고, 나무 주걱으로 두드려 밀도를 높인 뒤 장작가마에서 구웠습니다. 숨쉬는 옹기의 특성을 살렸습니다.",직사광선을 피해 서늘한 곳에 보관하세요. 급격한 온도 변화와 충격에 약합니다.
243,17,ONGGI,옹기접시,회유약옹기 옹기접시,262000,회유약옹기,BROWN,,실용,False,False,False,False,False,ON_SALE,6,6,3,15.0,"옛 방식 그대로 가래떡 흙을 쌓아 올리고, 나무 주걱으로 두드려 밀도를 높인 뒤 장작가마에서 구웠습니다. 숨쉬는 옹기의 특성을 살렸습니다.",직사광선을 피해 서늘한 곳에 보관하세요. 급격한 온도 변화와 충격에 약합니다.
244,17,ONGGI,옹기컵,흑유약옹기 옹기컵,210000,흑유약옹기,GREEN,PARENTS,발효|인테리어,False,True,True,False,False,ON_SALE,7,2,0,3.0,전통 옹기 기법으로 발로 밟아 반죽한 점토를 손으로 쌓아 올린 뒤 장작가마에서 7시간 구워 완성했습니다.,직사광선을 피해 서늘한 곳에 보관하세요. 급격한 온도 변화와 충격에 약합니다.
245,17,ONGGI,옹기화분,전통옹기토 옹기화분,78000,전통옹기토,BROWN,,실용|인테리어,False,False,True,False,False,ON_SALE,17,27,0,40.5,"옛 방식 그대로 가래떡 흙을 쌓아 올리고, 나무 주걱으로 두드려 밀도를 높인 뒤 장작가마에서 구웠습니다. 숨쉬는 옹기의 특성을 살렸습니다.",직사광선을 피해 서늘한 곳에 보관하세요. 급격한 온도 변화와 충격에 약합니다.
246,17,ONGGI,화분,흑유약옹기 화분,305000,흑유약옹기,GREEN,,실용|선물,False,False,False,False,False,ON_SALE,21,11,19,54.5,"황토와 모래를 배합한 전통 옹기토를 사용해 코일링 기법으로 성형하고, 잿물유약을 발라 1250도로 구웠습니다.",처음 사용 전 쌀뜨물을 채워 하루 불려 주세요. 이후 중성세제로 가볍게 씻어 그늘에서 건조하세요.
247,17,ONGGI,물항아리,전통옹기토 물항아리,236000,전통옹기토,GREEN,HOUSEWARMING,실용|발효,True,False,False,False,False,ON_SALE,30,10,11,37.0,"황토와 모래를 배합한 전통 옹기토를 사용해 코일링 기법으로 성형하고, 잿물유약을 발라 1250도로 구웠습니다.",처음 사용 전 쌀뜨물을 채워 하루 불려 주세요. 이후 중성세제로 가볍게 씻어 그늘에서 건조하세요.
248,17,ONGGI,장독,회유약옹기 장독,28000,회유약옹기,BLACK,,실용|발효,False,True,False,False,False,ON_SALE,3,8,2,16.0,"옛 방식 그대로 가래떡 흙을 쌓아 올리고, 나무 주걱으로 두드려 밀도를 높인 뒤 장작가마에서 구웠습니다. 숨쉬는 옹기의 특성을 살렸습니다.",직사광선을 피해 서늘한 곳에 보관하세요. 급격한 온도 변화와 충격에 약합니다.
249,17,ONGGI,곡물독,흑유약옹기 곡물독,60000,흑유약옹기,BLACK,BOSS,실용,True,False,False,False,False,ON_SALE,5,0,6,12.0,전통 옹기 기법으로 발로 밟아 반죽한 점토를 손으로 쌓아 올린 뒤 장작가마에서 9시간 구워 완성했습니다.,처음 사용 전 쌀뜨물을 채워 하루 불려 주세요. 이후 중성세제로 가볍게 씻어 그늘에서 건조하세요.
250,17,ONGGI,젓갈독,흑유약옹기 젓갈독,29000,흑유약옹기,BLACK,PARENTS,인테리어,True,True,False,False,False,ON_SALE,23,23,3,40.5,전통 옹기 기법으로 발로 밟아 반죽한 점토를 손으로 쌓아 올린 뒤 장작가마에서 5시간 구워 완성했습니다.,처음 사용 전 쌀뜨물을 채워 하루 불려 주세요. 이후 중성세제로 가볍게 씻어 그늘에서 건조하세요.
251,17,ONGGI,술독,흑유약옹기 술독,117000,흑유약옹기,GREEN,,선물,False,True,False,False,False,SOLD_OUT,0,4,41,88.0,전통 옹기 기법으로 발로 밟아 반죽한 점토를 손으로 쌓아 올린 뒤 장작가마에서 4시간 구워 완성했습니다.,직사광선을 피해 서늘한 곳에 보관하세요. 급격한 온도 변화와 충격에 약합니다.
252,17,ONGGI,김치독,전통옹기토 김치독,184000,전통옹기토,GRAY,,실용|선물,True,False,False,False,False,ON_SALE,29,0,8,16.0,전통 옹기 기법으로 발로 밟아 반죽한 점토를 손으로 쌓아 올린 뒤 장작가마에서 10시간 구워 완성했습니다.,처음 사용 전 쌀뜨물을 채워 하루 불려 주세요. 이후 중성세제로 가볍게 씻어 그늘에서 건조하세요.
253,17,ONGGI,옹기접시,회유약옹기 옹기접시,166000,회유약옹기,BLACK,,발효,False,False,False,False,False,ON_SALE,25,1,1,3.5,전통 옹기 기법으로 발로 밟아 반죽한 점토를 손으로 쌓아 올린 뒤 장작가마에서 3시간 구워 완성했습니다.,직사광선을 피해 서늘한 곳에 보관하세요. 급격한 온도 변화와 충격에 약합니다.
254,17,ONGGI,옹기컵,전통옹기토 옹기컵,299000,전통옹기토,BROWN,,실용,False,False,False,False,False,ON_SALE,7,0,3,6.0,"옛 방식 그대로 가래떡 흙을 쌓아 올리고, 나무 주걱으로 두드려 밀도를 높인 뒤 장작가마에서 구웠습니다. 숨쉬는 옹기의 특성을 살렸습니다.",처음 사용 전 쌀뜨물을 채워 하루 불려 주세요. 이후 중성세제로 가볍게 씻어 그늘에서 건조하세요.
255,17,ONGGI,옹기화분,흑유약옹기 옹기화분,311000,흑유약옹기,BROWN,,발효|인테리어,False,False,False,False,False,SOLD_OUT,0,12,0,18.0,전통 옹기 기법으로 발로 밟아 반죽한 점토를 손으로 쌓아 올린 뒤 장작가마에서 10시간 구워 완성했습니다.,직사광선을 피해 서늘한 곳에 보관하세요. 급격한 온도 변화와 충격에 약합니다.
256,18,NACRE,자개장식품,옻칠나전 자개장식품,509000,옻칠나전,WHITE,,수집,False,True,False,False,False,ON_SALE,22,51,13,102.5,"전복 껍데기를 얇게 갈아 무늬를 잘라내고, 16겹으로 올린 옻칠 위에 하나하나 붙인 뒤 연마해 광택을 냈습니다.",충격에 약하므로 부드러운 천에 싸서 보관하세요. 옻칠 표면이 마르지 않도록 가끔 동백기름을 얇게 발라 주세요.
257,18,NACRE,함,주칠나전 함,701000,주칠나전,WHITE,HOUSEWARMING,인테리어|수집,False,True,False,False,True,ON_SALE,7,1,6,23.5,"천연 옻을 18회 이상 겹쳐 바르고 완전히 건조한 뒤, 얇게 연마한 자개를 전통 끊음질 기법으로 붙여 완성했습니다.",충격에 약하므로 부드러운 천에 싸서 보관하세요. 옻칠 표면이 마르지 않도록 가끔 동백기름을 얇게 발라 주세요.
258,18,NACRE,거울함,옻칠나전 거울함,665000,옻칠나전,BLACK,CORPORATE,인테리어,False,False,False,False,False,ON_SALE,24,41,4,69.5,"천연 옻을 12회 이상 겹쳐 바르고 완전히 건조한 뒤, 얇게 연마한 자개를 전통 끊음질 기법으로 붙여 완성했습니다.","직사광선과 고온다습한 환경을 피하고, 부드러운 마른 천으로 가볍게 닦아 주세요. 화학세제 사용은 금물입니다."
259,18,NACRE,소반,옻칠나전 소반,124000,옻칠나전,BLACK,BOSS,인테리어,False,False,True,False,False,ON_SALE,6,12,6,30.0,"자개를 실처럼 잘게 잘라 줄음질로 무늬를 만들고, 옻칠을 번갈아 입혀 표면을 평탄하게 연마했습니다. 빛에 따라 색이 달리 보입니다.","직사광선과 고온다습한 환경을 피하고, 부드러운 마른 천으로 가볍게 닦아 주세요. 화학세제 사용은 금물입니다."
260,18,NACRE,문갑,옻칠나전 문갑,215000,옻칠나전,GRAY,HOUSEWARMING,수집,False,True,False,False,False,ON_SALE,11,27,4,48.5,"자개를 실처럼 잘게 잘라 줄음질로 무늬를 만들고, 옻칠을 번갈아 입혀 표면을 평탄하게 연마했습니다. 빛에 따라 색이 달리 보입니다.",충격에 약하므로 부드러운 천에 싸서 보관하세요. 옻칠 표면이 마르지 않도록 가끔 동백기름을 얇게 발라 주세요.
261,18,NACRE,보석함,옻칠나전 보석함,429000,옻칠나전,BROWN,BIRTHDAY_60TH,실용|선물,False,True,True,False,True,ON_SALE,29,5,2,21.5,"전복 껍데기를 얇게 갈아 무늬를 잘라내고, 11겹으로 올린 옻칠 위에 하나하나 붙인 뒤 연마해 광택을 냈습니다.","직사광선과 고온다습한 환경을 피하고, 부드러운 마른 천으로 가볍게 닦아 주세요. 화학세제 사용은 금물입니다."
262,18,NACRE,트레이,옻칠나전 트레이,141000,옻칠나전,BLACK,PARENTS,수집,False,False,False,False,False,ON_SALE,19,7,19,48.5,"자개를 실처럼 잘게 잘라 줄음질로 무늬를 만들고, 옻칠을 번갈아 입혀 표면을 평탄하게 연마했습니다. 빛에 따라 색이 달리 보입니다.","직사광선과 고온다습한 환경을 피하고, 부드러운 마른 천으로 가볍게 닦아 주세요. 화학세제 사용은 금물입니다."
263,18,NACRE,나전필통,옻칠나전 나전필통,751000,옻칠나전,GRAY,BOSS,실용,False,False,True,True,False,ON_SALE,27,8,21,54.0,"전복 껍데기를 얇게 갈아 무늬를 잘라내고, 20겹으로 올린 옻칠 위에 하나하나 붙인 뒤 연마해 광택을 냈습니다.","직사광선과 고온다습한 환경을 피하고, 부드러운 마른 천으로 가볍게 닦아 주세요. 화학세제 사용은 금물입니다."
264,18,NACRE,나전액자,흑칠나전 나전액자,581000,흑칠나전,GRAY,HOUSEWARMING,실용,False,False,False,False,False,HIDDEN,4,20,6,42.0,"전복 껍데기를 얇게 갈아 무늬를 잘라내고, 14겹으로 올린 옻칠 위에 하나하나 붙인 뒤 연마해 광택을 냈습니다.","직사광선과 고온다습한 환경을 피하고, 부드러운 마른 천으로 가볍게 닦아 주세요. 화학세제 사용은 금물입니다."
265,18,NACRE,나전팔찌,황칠나전 나전팔찌,180000,황칠나전,WHITE,HOUSEWARMING,인테리어|선물,False,False,True,False,False,ON_SALE,25,2,6,15.0,"천연 옻을 9회 이상 겹쳐 바르고 완전히 건조한 뒤, 얇게 연마한 자개를 전통 끊음질 기법으로 붙여 완성했습니다.",충격에 약하므로 부드러운 천에 싸서 보관하세요. 옻칠 표면이 마르지 않도록 가끔 동백기름을 얇게 발라 주세요.
266,18,NACRE,자개장식품,주칠나전 자개장식품,317000,주칠나전,BROWN,HOUSEWARMING,실용|수집,True,False,False,False,False,ON_SALE,1,22,1,35.0,"천연 옻을 7회 이상 겹쳐 바르고 완전히 건조한 뒤, 얇게 연마한 자개를 전통 끊음질 기법으로 붙여 완성했습니다.",충격에 약하므로 부드러운 천에 싸서 보관하세요. 옻칠 표면이 마르지 않도록 가끔 동백기름을 얇게 발라 주세요.
267,18,NACRE,함,주칠나전 함,249000,주칠나전,GRAY,,선물|실용,True,False,True,False,False,ON_SALE,10,0,9,18.0,"전복 껍데기를 얇게 갈아 무늬를 잘라내고, 12겹으로 올린 옻칠 위에 하나하나 붙인 뒤 연마해 광택을 냈습니다.",충격에 약하므로 부드러운 천에 싸서 보관하세요. 옻칠 표면이 마르지 않도록 가끔 동백기름을 얇게 발라 주세요.
268,18,NACRE,거울함,황칠나전 거울함,259000,황칠나전,GRAY,HOUSEWARMING,선물,False,False,False,False,False,ON_SALE,1,7,18,46.5,"자개를 실처럼 잘게 잘라 줄음질로 무늬를 만들고, 옻칠을 번갈아 입혀 표면을 평탄하게 연마했습니다. 빛에 따라 색이 달리 보입니다.","직사광선과 고온다습한 환경을 피하고, 부드러운 마른 천으로 가볍게 닦아 주세요. 화학세제 사용은 금물입니다."
269,18,NACRE,소반,옻칠나전 소반,250000,옻칠나전,BROWN,,인테리어|선물,False,True,False,False,False,ON_SALE,4,0,16,32.0,"자개를 실처럼 잘게 잘라 줄음질로 무늬를 만들고, 옻칠을 번갈아 입혀 표면을 평탄하게 연마했습니다. 빛에 따라 색이 달리 보입니다.",충격에 약하므로 부드러운 천에 싸서 보관하세요. 옻칠 표면이 마르지 않도록 가끔 동백기름을 얇게 발라 주세요.
270,18,NACRE,문갑,주칠나전 문갑,368000,주칠나전,GRAY,CORPORATE,인테리어|수집,False,False,False,True,False,ON_SALE,11,10,10,35.0,"전복 껍데기를 얇게 갈아 무늬를 잘라내고, 8겹으로 올린 옻칠 위에 하나하나 붙인 뒤 연마해 광택을 냈습니다.",충격에 약하므로 부드러운 천에 싸서 보관하세요. 옻칠 표면이 마르지 않도록 가끔 동백기름을 얇게 발라 주세요.
271,19,NACRE,보석함,옻칠나전 보석함,558000,옻칠나전,WHITE,PARENTS,인테리어|실용,False,False,False,True,False,ON_SALE,5,6,3,15.0,"전복 껍데기를 얇게 갈아 무늬를 잘라내고, 12겹으로 올린 옻칠 위에 하나하나 붙인 뒤 연마해 광택을 냈습니다.","직사광선과 고온다습한 환경을 피하고, 부드러운 마른 천으로 가볍게 닦아 주세요. 화학세제 사용은 금물입니다."
272,19,NACRE,트레이,황칠나전 트레이,631000,황칠나전,BROWN,PARENTS,수집,False,False,False,False,False,ON_SALE,26,3,1,6.5,"자개를 실처럼 잘게 잘라 줄음질로 무늬를 만들고, 옻칠을 번갈아 입혀 표면을 평탄하게 연마했습니다. 빛에 따라 색이 달리 보입니다.","직사광선과 고온다습한 환경을 피하고, 부드러운 마른 천으로 가볍게 닦아 주세요. 화학세제 사용은 금물입니다."
273,19,NACRE,나전필통,황칠나전 나전필통,370000,황칠나전,BROWN,CORPORATE,인테리어,False,False,False,False,False,ON_SALE,14,5,10,27.5,"자개를 실처럼 잘게 잘라 줄음질로 무늬를 만들고, 옻칠을 번갈아 입혀 표면을 평탄하게 연마했습니다. 빛에 따라 색이 달리 보입니다.",충격에 약하므로 부드러운 천에 싸서 보관하세요. 옻칠 표면이 마르지 않도록 가끔 동백기름을 얇게 발라 주세요.
274,19,NACRE,나전액자,주칠나전 나전액자,234000,주칠나전,BROWN,HOUSEWARMING,실용,False,True,True,False,False,ON_SALE,16,2,14,31.0,"천연 옻을 9회 이상 겹쳐 바르고 완전히 건조한 뒤, 얇게 연마한 자개를 전통 끊음질 기법으로 붙여 완성했습니다.",충격에 약하므로 부드러운 천에 싸서 보관하세요. 옻칠 표면이 마르지 않도록 가끔 동백기름을 얇게 발라 주세요.
275,19,NACRE,나전팔찌,주칠나전 나전팔찌,185000,주칠나전,GRAY,CORPORATE,선물,True,False,True,False,False,ON_SALE,7,21,0,31.5,"천연 옻을 20회 이상 겹쳐 바르고 완전히 건조한 뒤, 얇게 연마한 자개를 전통 끊음질 기법으로 붙여 완성했습니다.",충격에 약하므로 부드러운 천에 싸서 보관하세요. 옻칠 표면이 마르지 않도록 가끔 동백기름을 얇게 발라 주세요.
276,19,NACRE,자개장식품,옻칠나전 자개장식품,459000,옻칠나전,GRAY,,수집,False,False,False,False,False,ON_SALE,26,0,0,0.0,"천연 옻을 18회 이상 겹쳐 바르고 완전히 건조한 뒤, 얇게 연마한 자개를 전통 끊음질 기법으로 붙여 완성했습니다.","직사광선과 고온다습한 환경을 피하고, 부드러운 마른 천으로 가볍게 닦아 주세요. 화학세제 사용은 금물입니다."
277,19,NACRE,함,주칠나전 함,573000,주칠나전,GRAY,PARENTS,선물,False,False,False,False,False,ON_SALE,30,0,5,10.0,"전복 껍데기를 얇게 갈아 무늬를 잘라내고, 17겹으로 올린 옻칠 위에 하나하나 붙인 뒤 연마해 광택을 냈습니다.",충격에 약하므로 부드러운 천에 싸서 보관하세요. 옻칠 표면이 마르지 않도록 가끔 동백기름을 얇게 발라 주세요.
278,19,NACRE,거울함,황칠나전 거울함,229000,황칠나전,BLACK,BIRTHDAY_60TH,수집,False,True,False,False,False,SOLD_OUT,0,1,3,7.5,"자개를 실처럼 잘게 잘라 줄음질로 무늬를 만들고, 옻칠을 번갈아 입혀 표면을 평탄하게 연마했습니다. 빛에 따라 색이 달리 보입니다.","직사광선과 고온다습한 환경을 피하고, 부드러운 마른 천으로 가볍게 닦아 주세요. 화학세제 사용은 금물입니다."
279,19,NACRE,소반,흑칠나전 소반,694000,흑칠나전,BLACK,,인테리어|실용,False,False,False,False,False,ON_SALE,25,2,3,9.0,"자개를 실처럼 잘게 잘라 줄음질로 무늬를 만들고, 옻칠을 번갈아 입혀 표면을 평탄하게 연마했습니다. 빛에 따라 색이 달리 보입니다.","직사광선과 고온다습한 환경을 피하고, 부드러운 마른 천으로 가볍게 닦아 주세요. 화학세제 사용은 금물입니다."
280,19,NACRE,문갑,주칠나전 문갑,474000,주칠나전,BROWN,,실용|수집,False,False,True,False,False,ON_SALE,25,4,4,14.0,"천연 옻을 6회 이상 겹쳐 바르고 완전히 건조한 뒤, 얇게 연마한 자개를 전통 끊음질 기법으로 붙여 완성했습니다.","직사광선과 고온다습한 환경을 피하고, 부드러운 마른 천으로 가볍게 닦아 주세요. 화학세제 사용은 금물입니다."
281,19,NACRE,보석함,황칠나전 보석함,509000,황칠나전,BROWN,HOUSEWARMING,수집|인테리어,False,True,False,False,False,ON_SALE,2,3,0,4.5,"천연 옻을 20회 이상 겹쳐 바르고 완전히 건조한 뒤, 얇게 연마한 자개를 전통 끊음질 기법으로 붙여 완성했습니다.","직사광선과 고온다습한 환경을 피하고, 부드러운 마른 천으로 가볍게 닦아 주세요. 화학세제 사용은 금물입니다."
282,19,NACRE,트레이,주칠나전 트레이,384000,주칠나전,BLACK,BOSS,인테리어,False,True,False,False,False,ON_SALE,26,12,27,72.0,"자개를 실처럼 잘게 잘라 줄음질로 무늬를 만들고, 옻칠을 번갈아 입혀 표면을 평탄하게 연마했습니다. 빛에 따라 색이 달리 보입니다.",충격에 약하므로 부드러운 천에 싸서 보관하세요. 옻칠 표면이 마르지 않도록 가끔 동백기름을 얇게 발라 주세요.
283,19,NACRE,나전필통,흑칠나전 나전필통,422000,흑칠나전,BLACK,,인테리어|선물,False,False,True,False,False,ON_SALE,17,3,1,6.5,"전복 껍데기를 얇게 갈아 무늬를 잘라내고, 15겹으로 올린 옻칠 위에 하나하나 붙인 뒤 연마해 광택을 냈습니다.","직사광선과 고온다습한 환경을 피하고, 부드러운 마른 천으로 가볍게 닦아 주세요. 화학세제 사용은 금물입니다."
284,19,NACRE,나전액자,흑칠나전 나전액자,482000,흑칠나전,GRAY,HOUSEWARMING,실용|수집,False,False,True,False,False,ON_SALE,16,24,17,70.0,"전복 껍데기를 얇게 갈아 무늬를 잘라내고, 14겹으로 올린 옻칠 위에 하나하나 붙인 뒤 연마해 광택을 냈습니다.",충격에 약하므로 부드러운 천에 싸서 보관하세요. 옻칠 표면이 마르지 않도록 가끔 동백기름을 얇게 발라 주세요.
285,19,NACRE,나전팔찌,주칠나전 나전팔찌,521000,주칠나전,BLACK,,선물,False,False,True,False,False,ON_SALE,21,3,2,8.5,"전복 껍데기를 얇게 갈아 무늬를 잘라내고, 5겹으로 올린 옻칠 위에 하나하나 붙인 뒤 연마해 광택을 냈습니다.",충격에 약하므로 부드러운 천에 싸서 보관하세요. 옻칠 표면이 마르지 않도록 가끔 동백기름을 얇게 발라 주세요.
286,20,NACRE,자개장식품,옻칠나전 자개장식품,747000,옻칠나전,WHITE,,실용|선물,False,False,False,False,False,SOLD_OUT,0,9,5,23.5,"전복 껍데기를 얇게 갈아 무늬를 잘라내고, 8겹으로 올린 옻칠 위에 하나하나 붙인 뒤 연마해 광택을 냈습니다.","직사광선과 고온다습한 환경을 피하고, 부드러운 마른 천으로 가볍게 닦아 주세요. 화학세제 사용은 금물입니다."
287,20,NACRE,함,황칠나전 함,518000,황칠나전,BROWN,PARENTS,인테리어|실용,False,False,False,True,False,ON_SALE,30,32,3,54.0,"전복 껍데기를 얇게 갈아 무늬를 잘라내고, 15겹으로 올린 옻칠 위에 하나하나 붙인 뒤 연마해 광택을 냈습니다.",충격에 약하므로 부드러운 천에 싸서 보관하세요. 옻칠 표면이 마르지 않도록 가끔 동백기름을 얇게 발라 주세요.
288,20,NACRE,거울함,흑칠나전 거울함,629000,흑칠나전,WHITE,BOSS,선물|실용,False,False,False,False,True,ON_SALE,16,31,3,62.5,"천연 옻을 10회 이상 겹쳐 바르고 완전히 건조한 뒤, 얇게 연마한 자개를 전통 끊음질 기법으로 붙여 완성했습니다.","직사광선과 고온다습한 환경을 피하고, 부드러운 마른 천으로 가볍게 닦아 주세요. 화학세제 사용은 금물입니다."
289,20,NACRE,소반,옻칠나전 소반,848000,옻칠나전,BROWN,BOSS,선물,False,True,False,False,False,SOLD_OUT,0,19,5,38.5,"천연 옻을 16회 이상 겹쳐 바르고 완전히 건조한 뒤, 얇게 연마한 자개를 전통 끊음질 기법으로 붙여 완성했습니다.","직사광선과 고온다습한 환경을 피하고, 부드러운 마른 천으로 가볍게 닦아 주세요. 화학세제 사용은 금물입니다."
290,20,NACRE,문갑,흑칠나전 문갑,515000,흑칠나전,BROWN,PARENTS,인테리어|수집,False,False,False,True,False,ON_SALE,17,21,10,51.5,"전복 껍데기를 얇게 갈아 무늬를 잘라내고, 6겹으로 올린 옻칠 위에 하나하나 붙인 뒤 연마해 광택을 냈습니다.",충격에 약하므로 부드러운 천에 싸서 보관하세요. 옻칠 표면이 마르지 않도록 가끔 동백기름을 얇게 발라 주세요.
291,20,NACRE,보석함,주칠나전 보석함,338000,주칠나전,WHITE,,실용|선물,True,True,True,True,False,ON_SALE,7,11,6,28.5,"천연 옻을 11회 이상 겹쳐 바르고 완전히 건조한 뒤, 얇게 연마한 자개를 전통 끊음질 기법으로 붙여 완성했습니다.","직사광선과 고온다습한 환경을 피하고, 부드러운 마른 천으로 가볍게 닦아 주세요. 화학세제 사용은 금물입니다."
292,20,NACRE,트레이,옻칠나전 트레이,363000,옻칠나전,BROWN,CORPORATE,수집|인테리어,True,False,True,False,True,ON_SALE,23,13,7,43.5,"자개를 실처럼 잘게 잘라 줄음질로 무늬를 만들고, 옻칠을 번갈아 입혀 표면을 평탄하게 연마했습니다. 빛에 따라 색이 달리 보입니다.",충격에 약하므로 부드러운 천에 싸서 보관하세요. 옻칠 표면이 마르지 않도록 가끔 동백기름을 얇게 발라 주세요.
293,20,NACRE,나전필통,옻칠나전 나전필통,775000,옻칠나전,WHITE,HOUSEWARMING,수집,True,False,False,False,False,ON_SALE,23,21,5,41.5,"전복 껍데기를 얇게 갈아 무늬를 잘라내고, 11겹으로 올린 옻칠 위에 하나하나 붙인 뒤 연마해 광택을 냈습니다.","직사광선과 고온다습한 환경을 피하고, 부드러운 마른 천으로 가볍게 닦아 주세요. 화학세제 사용은 금물입니다."
294,20,NACRE,나전액자,옻칠나전 나전액자,761000,옻칠나전,WHITE,BIRTHDAY_60TH,실용|선물,True,False,False,False,False,ON_SALE,20,12,5,28.0,"천연 옻을 10회 이상 겹쳐 바르고 완전히 건조한 뒤, 얇게 연마한 자개를 전통 끊음질 기법으로 붙여 완성했습니다.","직사광선과 고온다습한 환경을 피하고, 부드러운 마른 천으로 가볍게 닦아 주세요. 화학세제 사용은 금물입니다."
295,20,NACRE,나전팔찌,옻칠나전 나전팔찌,455000,옻칠나전,BLACK,CORPORATE,선물|실용,False,False,False,False,False,ON_SALE,26,58,6,99.0,"천연 옻을 19회 이상 겹쳐 바르고 완전히 건조한 뒤, 얇게 연마한 자개를 전통 끊음질 기법으로 붙여 완성했습니다.","직사광선과 고온다습한 환경을 피하고, 부드러운 마른 천으로 가볍게 닦아 주세요. 화학세제 사용은 금물입니다."
296,20,NACRE,자개장식품,주칠나전 자개장식품,162000,주칠나전,BLACK,BOSS,실용|수집,False,True,False,True,True,ON_SALE,25,25,3,53.5,"자개를 실처럼 잘게 잘라 줄음질로 무늬를 만들고, 옻칠을 번갈아 입혀 표면을 평탄하게 연마했습니다. 빛에 따라 색이 달리 보입니다.","직사광선과 고온다습한 환경을 피하고, 부드러운 마른 천으로 가볍게 닦아 주세요. 화학세제 사용은 금물입니다."
297,20,NACRE,함,흑칠나전 함,820000,흑칠나전,BROWN,BIRTHDAY_60TH,선물,False,False,False,False,False,ON_SALE,19,23,9,52.5,"천연 옻을 5회 이상 겹쳐 바르고 완전히 건조한 뒤, 얇게 연마한 자개를 전통 끊음질 기법으로 붙여 완성했습니다.",충격에 약하므로 부드러운 천에 싸서 보관하세요. 옻칠 표면이 마르지 않도록 가끔 동백기름을 얇게 발라 주세요.
298,20,NACRE,거울함,흑칠나전 거울함,175000,흑칠나전,BLACK,HOUSEWARMING,인테리어|선물,False,True,False,False,True,ON_SALE,1,4,9,34.0,"천연 옻을 17회 이상 겹쳐 바르고 완전히 건조한 뒤, 얇게 연마한 자개를 전통 끊음질 기법으로 붙여 완성했습니다.",충격에 약하므로 부드러운 천에 싸서 보관하세요. 옻칠 표면이 마르지 않도록 가끔 동백기름을 얇게 발라 주세요.
299,20,NACRE,소반,황칠나전 소반,603000,황칠나전,GRAY,BIRTHDAY_60TH,선물,True,False,False,False,False,ON_SALE,28,16,1,26.0,"전복 껍데기를 얇게 갈아 무늬를 잘라내고, 18겹으로 올린 옻칠 위에 하나하나 붙인 뒤 연마해 광택을 냈습니다.","직사광선과 고온다습한 환경을 피하고, 부드러운 마른 천으로 가볍게 닦아 주세요. 화학세제 사용은 금물입니다."
300,20,NACRE,문갑,주칠나전 문갑,131000,주칠나전,GRAY,,수집,False,False,False,False,False,ON_SALE,18,25,3,43.5,"전복 껍데기를 얇게 갈아 무늬를 잘라내고, 9겹으로 올린 옻칠 위에 하나하나 붙인 뒤 연마해 광택을 냈습니다.","직사광선과 고온다습한 환경을 피하고, 부드러운 마른 천으로 가볍게 닦아 주세요. 화학세제 사용은 금물입니다."
301,21,NACRE,보석함,황칠나전 보석함,793000,황칠나전,BLACK,BIRTHDAY_60TH,실용,False,False,True,True,False,ON_SALE,19,9,9,31.5,"전복 껍데기를 얇게 갈아 무늬를 잘라내고, 20겹으로 올린 옻칠 위에 하나하나 붙인 뒤 연마해 광택을 냈습니다.",충격에 약하므로 부드러운 천에 싸서 보관하세요. 옻칠 표면이 마르지 않도록 가끔 동백기름을 얇게 발라 주세요.
302,21,NACRE,트레이,황칠나전 트레이,296000,황칠나전,BLACK,,인테리어|실용,False,False,False,False,False,ON_SALE,15,10,5,25.0,"자개를 실처럼 잘게 잘라 줄음질로 무늬를 만들고, 옻칠을 번갈아 입혀 표면을 평탄하게 연마했습니다. 빛에 따라 색이 달리 보입니다.",충격에 약하므로 부드러운 천에 싸서 보관하세요. 옻칠 표면이 마르지 않도록 가끔 동백기름을 얇게 발라 주세요.
303,21,NACRE,나전필통,황칠나전 나전필통,216000,황칠나전,WHITE,,실용,False,False,False,False,False,ON_SALE,10,24,7,50.0,"천연 옻을 14회 이상 겹쳐 바르고 완전히 건조한 뒤, 얇게 연마한 자개를 전통 끊음질 기법으로 붙여 완성했습니다.",충격에 약하므로 부드러운 천에 싸서 보관하세요. 옻칠 표면이 마르지 않도록 가끔 동백기름을 얇게 발라 주세요.
304,21,NACRE,나전액자,흑칠나전 나전액자,847000,흑칠나전,BROWN,HOUSEWARMING,실용|인테리어,False,False,True,False,False,ON_SALE,5,16,3,30.0,"전복 껍데기를 얇게 갈아 무늬를 잘라내고, 7겹으로 올린 옻칠 위에 하나하나 붙인 뒤 연마해 광택을 냈습니다.",충격에 약하므로 부드러운 천에 싸서 보관하세요. 옻칠 표면이 마르지 않도록 가끔 동백기름을 얇게 발라 주세요.
305,21,NACRE,나전팔찌,주칠나전 나전팔찌,396000,주칠나전,GRAY,HOUSEWARMING,선물,False,True,False,False,False,ON_SALE,15,19,1,30.5,"자개를 실처럼 잘게 잘라 줄음질로 무늬를 만들고, 옻칠을 번갈아 입혀 표면을 평탄하게 연마했습니다. 빛에 따라 색이 달리 보입니다.",충격에 약하므로 부드러운 천에 싸서 보관하세요. 옻칠 표면이 마르지 않도록 가끔 동백기름을 얇게 발라 주세요.
306,21,NACRE,자개장식품,흑칠나전 자개장식품,216000,흑칠나전,WHITE,PARENTS,수집|선물,False,False,False,False,False,ON_SALE,9,2,16,35.0,"전복 껍데기를 얇게 갈아 무늬를 잘라내고, 6겹으로 올린 옻칠 위에 하나하나 붙인 뒤 연마해 광택을 냈습니다.",충격에 약하므로 부드러운 천에 싸서 보관하세요. 옻칠 표면이 마르지 않도록 가끔 동백기름을 얇게 발라 주세요.
307,21,NACRE,함,황칠나전 함,144000,황칠나전,GRAY,,수집|실용,False,False,True,True,False,ON_SALE,25,16,2,28.0,"자개를 실처럼 잘게 잘라 줄음질로 무늬를 만들고, 옻칠을 번갈아 입혀 표면을 평탄하게 연마했습니다. 빛에 따라 색이 달리 보입니다.","직사광선과 고온다습한 환경을 피하고, 부드러운 마른 천으로 가볍게 닦아 주세요. 화학세제 사용은 금물입니다."
308,21,NACRE,거울함,옻칠나전 거울함,733000,옻칠나전,BROWN,BOSS,인테리어,False,False,False,False,False,ON_SALE,2,0,0,0.0,"자개를 실처럼 잘게 잘라 줄음질로 무늬를 만들고, 옻칠을 번갈아 입혀 표면을 평탄하게 연마했습니다. 빛에 따라 색이 달리 보입니다.","직사광선과 고온다습한 환경을 피하고, 부드러운 마른 천으로 가볍게 닦아 주세요. 화학세제 사용은 금물입니다."
309,21,NACRE,소반,흑칠나전 소반,429000,흑칠나전,BLACK,,인테리어,False,False,False,True,False,HIDDEN,4,17,8,41.5,"천연 옻을 9회 이상 겹쳐 바르고 완전히 건조한 뒤, 얇게 연마한 자개를 전통 끊음질 기법으로 붙여 완성했습니다.",충격에 약하므로 부드러운 천에 싸서 보관하세요. 옻칠 표면이 마르지 않도록 가끔 동백기름을 얇게 발라 주세요.
310,21,NACRE,문갑,주칠나전 문갑,436000,주칠나전,BLACK,PARENTS,실용|인테리어,False,False,False,False,False,ON_SALE,6,15,0,22.5,"자개를 실처럼 잘게 잘라 줄음질로 무늬를 만들고, 옻칠을 번갈아 입혀 표면을 평탄하게 연마했습니다. 빛에 따라 색이 달리 보입니다.",충격에 약하므로 부드러운 천에 싸서 보관하세요. 옻칠 표면이 마르지 않도록 가끔 동백기름을 얇게 발라 주세요.
311,21,NACRE,보석함,주칠나전 보석함,150000,주칠나전,BLACK,BOSS,인테리어,False,False,False,False,False,ON_SALE,30,0,3,6.0,"전복 껍데기를 얇게 갈아 무늬를 잘라내고, 13겹으로 올린 옻칠 위에 하나하나 붙인 뒤 연마해 광택을 냈습니다.",충격에 약하므로 부드러운 천에 싸서 보관하세요. 옻칠 표면이 마르지 않도록 가끔 동백기름을 얇게 발라 주세요.
312,21,NACRE,트레이,황칠나전 트레이,534000,황칠나전,BLACK,,수집|실용,False,True,True,False,False,ON_SALE,4,12,21,60.0,"천연 옻을 20회 이상 겹쳐 바르고 완전히 건조한 뒤, 얇게 연마한 자개를 전통 끊음질 기법으로 붙여 완성했습니다.",충격에 약하므로 부드러운 천에 싸서 보관하세요. 옻칠 표면이 마르지 않도록 가끔 동백기름을 얇게 발라 주세요.
313,21,NACRE,나전필통,옻칠나전 나전필통,419000,옻칠나전,GRAY,,인테리어|선물,False,False,True,True,False,ON_SALE,23,7,0,10.5,"자개를 실처럼 잘게 잘라 줄음질로 무늬를 만들고, 옻칠을 번갈아 입혀 표면을 평탄하게 연마했습니다. 빛에 따라 색이 달리 보입니다.",충격에 약하므로 부드러운 천에 싸서 보관하세요. 옻칠 표면이 마르지 않도록 가끔 동백기름을 얇게 발라 주세요.
314,21,NACRE,나전액자,황칠나전 나전액자,188000,황칠나전,BLACK,BOSS,선물,False,False,False,True,False,ON_SALE,18,50,13,101.0,"전복 껍데기를 얇게 갈아 무늬를 잘라내고, 11겹으로 올린 옻칠 위에 하나하나 붙인 뒤 연마해 광택을 냈습니다.","직사광선과 고온다습한 환경을 피하고, 부드러운 마른 천으로 가볍게 닦아 주세요. 화학세제 사용은 금물입니다."
315,21,NACRE,나전팔찌,옻칠나전 나전팔찌,460000,옻칠나전,BLACK,,선물,False,False,False,False,False,ON_SALE,8,38,0,57.0,"전복 껍데기를 얇게 갈아 무늬를 잘라내고, 6겹으로 올린 옻칠 위에 하나하나 붙인 뒤 연마해 광택을 냈습니다.",충격에 약하므로 부드러운 천에 싸서 보관하세요. 옻칠 표면이 마르지 않도록 가끔 동백기름을 얇게 발라 주세요.
316,22,NACRE,자개장식품,흑칠나전 자개장식품,293000,흑칠나전,GRAY,CORPORATE,인테리어,False,False,False,True,False,ON_SALE,3,25,0,37.5,"천연 옻을 6회 이상 겹쳐 바르고 완전히 건조한 뒤, 얇게 연마한 자개를 전통 끊음질 기법으로 붙여 완성했습니다.","직사광선과 고온다습한 환경을 피하고, 부드러운 마른 천으로 가볍게 닦아 주세요. 화학세제 사용은 금물입니다."
317,22,NACRE,함,흑칠나전 함,800000,흑칠나전,BROWN,,실용|인테리어,False,True,False,False,False,ON_SALE,11,0,2,4.0,"천연 옻을 15회 이상 겹쳐 바르고 완전히 건조한 뒤, 얇게 연마한 자개를 전통 끊음질 기법으로 붙여 완성했습니다.","직사광선과 고온다습한 환경을 피하고, 부드러운 마른 천으로 가볍게 닦아 주세요. 화학세제 사용은 금물입니다."
318,22,NACRE,거울함,옻칠나전 거울함,640000,옻칠나전,BROWN,BOSS,선물,False,False,False,False,False,ON_SALE,1,2,0,3.0,"자개를 실처럼 잘게 잘라 줄음질로 무늬를 만들고, 옻칠을 번갈아 입혀 표면을 평탄하게 연마했습니다. 빛에 따라 색이 달리 보입니다.",충격에 약하므로 부드러운 천에 싸서 보관하세요. 옻칠 표면이 마르지 않도록 가끔 동백기름을 얇게 발라 주세요.
319,22,NACRE,소반,황칠나전 소반,191000,황칠나전,GRAY,CORPORATE,수집|선물,False,False,True,False,False,SOLD_OUT,0,14,12,45.0,"천연 옻을 11회 이상 겹쳐 바르고 완전히 건조한 뒤, 얇게 연마한 자개를 전통 끊음질 기법으로 붙여 완성했습니다.",충격에 약하므로 부드러운 천에 싸서 보관하세요. 옻칠 표면이 마르지 않도록 가끔 동백기름을 얇게 발라 주세요.
320,22,NACRE,문갑,흑칠나전 문갑,587000,흑칠나전,BROWN,,실용,False,False,True,False,False,ON_SALE,7,1,1,3.5,"천연 옻을 8회 이상 겹쳐 바르고 완전히 건조한 뒤, 얇게 연마한 자개를 전통 끊음질 기법으로 붙여 완성했습니다.",충격에 약하므로 부드러운 천에 싸서 보관하세요. 옻칠 표면이 마르지 않도록 가끔 동백기름을 얇게 발라 주세요.
321,22,NACRE,보석함,주칠나전 보석함,705000,주칠나전,BROWN,BIRTHDAY_60TH,실용|인테리어,False,False,False,False,True,ON_SALE,18,2,12,37.0,"천연 옻을 6회 이상 겹쳐 바르고 완전히 건조한 뒤, 얇게 연마한 자개를 전통 끊음질 기법으로 붙여 완성했습니다.","직사광선과 고온다습한 환경을 피하고, 부드러운 마른 천으로 가볍게 닦아 주세요. 화학세제 사용은 금물입니다."
322,22,NACRE,트레이,흑칠나전 트레이,474000,흑칠나전,BROWN,CORPORATE,실용,False,False,True,False,False,ON_SALE,8,1,7,15.5,"전복 껍데기를 얇게 갈아 무늬를 잘라내고, 15겹으로 올린 옻칠 위에 하나하나 붙인 뒤 연마해 광택을 냈습니다.",충격에 약하므로 부드러운 천에 싸서 보관하세요. 옻칠 표면이 마르지 않도록 가끔 동백기름을 얇게 발라 주세요.
323,22,NACRE,나전필통,주칠나전 나전필통,227000,주칠나전,BROWN,BIRTHDAY_60TH,실용|인테리어,False,False,False,False,False,ON_SALE,2,4,0,6.0,"천연 옻을 19회 이상 겹쳐 바르고 완전히 건조한 뒤, 얇게 연마한 자개를 전통 끊음질 기법으로 붙여 완성했습니다.",충격에 약하므로 부드러운 천에 싸서 보관하세요. 옻칠 표면이 마르지 않도록 가끔 동백기름을 얇게 발라 주세요.
324,22,NACRE,나전액자,황칠나전 나전액자,347000,황칠나전,BROWN,HOUSEWARMING,선물,False,False,True,False,False,HIDDEN,5,9,4,21.5,"전복 껍데기를 얇게 갈아 무늬를 잘라내고, 12겹으로 올린 옻칠 위에 하나하나 붙인 뒤 연마해 광택을 냈습니다.",충격에 약하므로 부드러운 천에 싸서 보관하세요. 옻칠 표면이 마르지 않도록 가끔 동백기름을 얇게 발라 주세요.
325,22,NACRE,나전팔찌,주칠나전 나전팔찌,638000,주칠나전,BROWN,HOUSEWARMING,선물,False,False,True,False,False,ON_SALE,14,11,5,26.5,"자개를 실처럼 잘게 잘라 줄음질로 무늬를 만들고, 옻칠을 번갈아 입혀 표면을 평탄하게 연마했습니다. 빛에 따라 색이 달리 보입니다.","직사광선과 고온다습한 환경을 피하고, 부드러운 마른 천으로 가볍게 닦아 주세요. 화학세제 사용은 금물입니다."
326,22,NACRE,자개장식품,황칠나전 자개장식품,616000,황칠나전,GRAY,CORPORATE,수집,True,False,False,True,False,ON_SALE,23,9,6,25.5,"자개를 실처럼 잘게 잘라 줄음질로 무늬를 만들고, 옻칠을 번갈아 입혀 표면을 평탄하게 연마했습니다. 빛에 따라 색이 달리 보입니다.","직사광선과 고온다습한 환경을 피하고, 부드러운 마른 천으로 가볍게 닦아 주세요. 화학세제 사용은 금물입니다."
327,22,NACRE,함,황칠나전 함,234000,황칠나전,GRAY,,수집|실용,True,False,False,False,False,ON_SALE,25,4,23,52.0,"자개를 실처럼 잘게 잘라 줄음질로 무늬를 만들고, 옻칠을 번갈아 입혀 표면을 평탄하게 연마했습니다. 빛에 따라 색이 달리 보입니다.","직사광선과 고온다습한 환경을 피하고, 부드러운 마른 천으로 가볍게 닦아 주세요. 화학세제 사용은 금물입니다."
328,22,NACRE,거울함,흑칠나전 거울함,97000,흑칠나전,WHITE,PARENTS,수집,False,True,False,False,False,ON_SALE,25,3,31,66.5,"전복 껍데기를 얇게 갈아 무늬를 잘라내고, 16겹으로 올린 옻칠 위에 하나하나 붙인 뒤 연마해 광택을 냈습니다.","직사광선과 고온다습한 환경을 피하고, 부드러운 마른 천으로 가볍게 닦아 주세요. 화학세제 사용은 금물입니다."
329,22,NACRE,소반,황칠나전 소반,406000,황칠나전,BROWN,BOSS,수집|선물,True,False,False,False,False,ON_SALE,22,26,18,75.0,"천연 옻을 15회 이상 겹쳐 바르고 완전히 건조한 뒤, 얇게 연마한 자개를 전통 끊음질 기법으로 붙여 완성했습니다.",충격에 약하므로 부드러운 천에 싸서 보관하세요. 옻칠 표면이 마르지 않도록 가끔 동백기름을 얇게 발라 주세요.
330,22,NACRE,문갑,흑칠나전 문갑,127000,흑칠나전,BROWN,BOSS,선물|수집,True,False,False,False,False,ON_SALE,21,0,4,8.0,"자개를 실처럼 잘게 잘라 줄음질로 무늬를 만들고, 옻칠을 번갈아 입혀 표면을 평탄하게 연마했습니다. 빛에 따라 색이 달리 보입니다.","직사광선과 고온다습한 환경을 피하고, 부드러운 마른 천으로 가볍게 닦아 주세요. 화학세제 사용은 금물입니다."
331,23,NACRE,보석함,황칠나전 보석함,800000,황칠나전,WHITE,CORPORATE,실용,True,False,True,False,False,ON_SALE,11,15,12,46.5,"천연 옻을 19회 이상 겹쳐 바르고 완전히 건조한 뒤, 얇게 연마한 자개를 전통 끊음질 기법으로 붙여 완성했습니다.",충격에 약하므로 부드러운 천에 싸서 보관하세요. 옻칠 표면이 마르지 않도록 가끔 동백기름을 얇게 발라 주세요.
332,23,NACRE,트레이,황칠나전 트레이,358000,황칠나전,WHITE,CORPORATE,실용,False,False,False,True,False,ON_SALE,6,14,1,23.0,"자개를 실처럼 잘게 잘라 줄음질로 무늬를 만들고, 옻칠을 번갈아 입혀 표면을 평탄하게 연마했습니다. 빛에 따라 색이 달리 보입니다.",충격에 약하므로 부드러운 천에 싸서 보관하세요. 옻칠 표면이 마르지 않도록 가끔 동백기름을 얇게 발라 주세요.
333,23,NACRE,나전필통,주칠나전 나전필통,288000,주칠나전,BROWN,PARENTS,인테리어,False,False,False,False,False,ON_SALE,12,2,4,11.0,"전복 껍데기를 얇게 갈아 무늬를 잘라내고, 10겹으로 올린 옻칠 위에 하나하나 붙인 뒤 연마해 광택을 냈습니다.",충격에 약하므로 부드러운 천에 싸서 보관하세요. 옻칠 표면이 마르지 않도록 가끔 동백기름을 얇게 발라 주세요.
334,23,NACRE,나전액자,흑칠나전 나전액자,831000,흑칠나전,BLACK,PARENTS,수집,False,False,False,False,False,ON_SALE,29,5,23,53.5,"자개를 실처럼 잘게 잘라 줄음질로 무늬를 만들고, 옻칠을 번갈아 입혀 표면을 평탄하게 연마했습니다. 빛에 따라 색이 달리 보입니다.","직사광선과 고온다습한 환경을 피하고, 부드러운 마른 천으로 가볍게 닦아 주세요. 화학세제 사용은 금물입니다."
335,23,NACRE,나전팔찌,황칠나전 나전팔찌,86000,황칠나전,WHITE,PARENTS,인테리어,True,False,True,False,False,ON_SALE,7,13,2,23.5,"천연 옻을 20회 이상 겹쳐 바르고 완전히 건조한 뒤, 얇게 연마한 자개를 전통 끊음질 기법으로 붙여 완성했습니다.","직사광선과 고온다습한 환경을 피하고, 부드러운 마른 천으로 가볍게 닦아 주세요. 화학세제 사용은 금물입니다."
336,23,NACRE,자개장식품,흑칠나전 자개장식품,738000,흑칠나전,BLACK,CORPORATE,수집,False,False,False,True,False,ON_SALE,23,28,3,48.0,"천연 옻을 19회 이상 겹쳐 바르고 완전히 건조한 뒤, 얇게 연마한 자개를 전통 끊음질 기법으로 붙여 완성했습니다.","직사광선과 고온다습한 환경을 피하고, 부드러운 마른 천으로 가볍게 닦아 주세요. 화학세제 사용은 금물입니다."
337,23,NACRE,함,옻칠나전 함,501000,옻칠나전,WHITE,,선물,False,False,False,False,False,ON_SALE,29,8,18,48.0,"전복 껍데기를 얇게 갈아 무늬를 잘라내고, 14겹으로 올린 옻칠 위에 하나하나 붙인 뒤 연마해 광택을 냈습니다.","직사광선과 고온다습한 환경을 피하고, 부드러운 마른 천으로 가볍게 닦아 주세요. 화학세제 사용은 금물입니다."
338,23,NACRE,거울함,주칠나전 거울함,582000,주칠나전,BROWN,,인테리어|실용,False,True,False,False,False,ON_SALE,19,21,1,33.5,"전복 껍데기를 얇게 갈아 무늬를 잘라내고, 20겹으로 올린 옻칠 위에 하나하나 붙인 뒤 연마해 광택을 냈습니다.",충격에 약하므로 부드러운 천에 싸서 보관하세요. 옻칠 표면이 마르지 않도록 가끔 동백기름을 얇게 발라 주세요.
339,23,NACRE,소반,옻칠나전 소반,644000,옻칠나전,GRAY,,수집|실용,False,True,True,False,False,ON_SALE,16,1,8,17.5,"천연 옻을 14회 이상 겹쳐 바르고 완전히 건조한 뒤, 얇게 연마한 자개를 전통 끊음질 기법으로 붙여 완성했습니다.",충격에 약하므로 부드러운 천에 싸서 보관하세요. 옻칠 표면이 마르지 않도록 가끔 동백기름을 얇게 발라 주세요.
340,23,NACRE,문갑,주칠나전 문갑,167000,주칠나전,GRAY,HOUSEWARMING,수집|인테리어,False,False,False,False,False,ON_SALE,23,25,3,43.5,"자개를 실처럼 잘게 잘라 줄음질로 무늬를 만들고, 옻칠을 번갈아 입혀 표면을 평탄하게 연마했습니다. 빛에 따라 색이 달리 보입니다.","직사광선과 고온다습한 환경을 피하고, 부드러운 마른 천으로 가볍게 닦아 주세요. 화학세제 사용은 금물입니다."
341,23,NACRE,보석함,옻칠나전 보석함,194000,옻칠나전,BROWN,CORPORATE,수집|실용,False,True,False,False,False,ON_SALE,10,11,22,60.5,"자개를 실처럼 잘게 잘라 줄음질로 무늬를 만들고, 옻칠을 번갈아 입혀 표면을 평탄하게 연마했습니다. 빛에 따라 색이 달리 보입니다.","직사광선과 고온다습한 환경을 피하고, 부드러운 마른 천으로 가볍게 닦아 주세요. 화학세제 사용은 금물입니다."
342,23,NACRE,트레이,주칠나전 트레이,601000,주칠나전,BLACK,,실용|수집,False,False,False,True,False,ON_SALE,1,2,2,7.0,"천연 옻을 10회 이상 겹쳐 바르고 완전히 건조한 뒤, 얇게 연마한 자개를 전통 끊음질 기법으로 붙여 완성했습니다.",충격에 약하므로 부드러운 천에 싸서 보관하세요. 옻칠 표면이 마르지 않도록 가끔 동백기름을 얇게 발라 주세요.
343,23,NACRE,나전필통,옻칠나전 나전필통,203000,옻칠나전,BROWN,,선물,False,False,False,False,False,ON_SALE,25,24,4,44.0,"전복 껍데기를 얇게 갈아 무늬를 잘라내고, 11겹으로 올린 옻칠 위에 하나하나 붙인 뒤 연마해 광택을 냈습니다.","직사광선과 고온다습한 환경을 피하고, 부드러운 마른 천으로 가볍게 닦아 주세요. 화학세제 사용은 금물입니다."
344,23,NACRE,나전액자,주칠나전 나전액자,364000,주칠나전,BLACK,HOUSEWARMING,선물|수집,False,False,True,False,False,ON_SALE,5,29,1,45.5,"전복 껍데기를 얇게 갈아 무늬를 잘라내고, 16겹으로 올린 옻칠 위에 하나하나 붙인 뒤 연마해 광택을 냈습니다.",충격에 약하므로 부드러운 천에 싸서 보관하세요. 옻칠 표면이 마르지 않도록 가끔 동백기름을 얇게 발라 주세요.
345,23,NACRE,나전팔찌,주칠나전 나전팔찌,480000,주칠나전,BROWN,BOSS,인테리어,False,False,True,False,False,ON_SALE,2,9,19,51.5,"전복 껍데기를 얇게 갈아 무늬를 잘라내고, 7겹으로 올린 옻칠 위에 하나하나 붙인 뒤 연마해 광택을 냈습니다.","직사광선과 고온다습한 환경을 피하고, 부드러운 마른 천으로 가볍게 닦아 주세요. 화학세제 사용은 금물입니다."
346,24,NACRE,자개장식품,옻칠나전 자개장식품,661000,옻칠나전,BLACK,CORPORATE,선물,False,True,True,False,False,ON_SALE,12,2,5,13.0,"자개를 실처럼 잘게 잘라 줄음질로 무늬를 만들고, 옻칠을 번갈아 입혀 표면을 평탄하게 연마했습니다. 빛에 따라 색이 달리 보입니다.","직사광선과 고온다습한 환경을 피하고, 부드러운 마른 천으로 가볍게 닦아 주세요. 화학세제 사용은 금물입니다."
347,24,NACRE,함,흑칠나전 함,586000,흑칠나전,BLACK,PARENTS,선물,False,False,True,False,False,SOLD_OUT,0,28,5,52.0,"자개를 실처럼 잘게 잘라 줄음질로 무늬를 만들고, 옻칠을 번갈아 입혀 표면을 평탄하게 연마했습니다. 빛에 따라 색이 달리 보입니다.","직사광선과 고온다습한 환경을 피하고, 부드러운 마른 천으로 가볍게 닦아 주세요. 화학세제 사용은 금물입니다."
348,24,NACRE,거울함,황칠나전 거울함,433000,황칠나전,BLACK,CORPORATE,선물|실용,False,False,True,False,False,ON_SALE,12,18,6,39.0,"전복 껍데기를 얇게 갈아 무늬를 잘라내고, 16겹으로 올린 옻칠 위에 하나하나 붙인 뒤 연마해 광택을 냈습니다.","직사광선과 고온다습한 환경을 피하고, 부드러운 마른 천으로 가볍게 닦아 주세요. 화학세제 사용은 금물입니다."
349,24,NACRE,소반,옻칠나전 소반,335000,옻칠나전,GRAY,,실용|수집,False,False,True,False,False,ON_SALE,27,24,22,80.0,"천연 옻을 17회 이상 겹쳐 바르고 완전히 건조한 뒤, 얇게 연마한 자개를 전통 끊음질 기법으로 붙여 완성했습니다.","직사광선과 고온다습한 환경을 피하고, 부드러운 마른 천으로 가볍게 닦아 주세요. 화학세제 사용은 금물입니다."
350,24,NACRE,문갑,흑칠나전 문갑,493000,흑칠나전,GRAY,CORPORATE,인테리어,False,False,False,False,False,ON_SALE,12,55,3,88.5,"자개를 실처럼 잘게 잘라 줄음질로 무늬를 만들고, 옻칠을 번갈아 입혀 표면을 평탄하게 연마했습니다. 빛에 따라 색이 달리 보입니다.",충격에 약하므로 부드러운 천에 싸서 보관하세요. 옻칠 표면이 마르지 않도록 가끔 동백기름을 얇게 발라 주세요.
351,24,NACRE,보석함,흑칠나전 보석함,330000,흑칠나전,BROWN,BIRTHDAY_60TH,수집|선물,False,False,False,False,False,ON_SALE,4,4,5,16.0,"자개를 실처럼 잘게 잘라 줄음질로 무늬를 만들고, 옻칠을 번갈아 입혀 표면을 평탄하게 연마했습니다. 빛에 따라 색이 달리 보입니다.","직사광선과 고온다습한 환경을 피하고, 부드러운 마른 천으로 가볍게 닦아 주세요. 화학세제 사용은 금물입니다."
352,24,NACRE,트레이,흑칠나전 트레이,555000,흑칠나전,BLACK,BIRTHDAY_60TH,선물,False,False,True,False,False,ON_SALE,17,21,12,55.5,"전복 껍데기를 얇게 갈아 무늬를 잘라내고, 7겹으로 올린 옻칠 위에 하나하나 붙인 뒤 연마해 광택을 냈습니다.",충격에 약하므로 부드러운 천에 싸서 보관하세요. 옻칠 표면이 마르지 않도록 가끔 동백기름을 얇게 발라 주세요.
353,24,NACRE,나전필통,황칠나전 나전필통,600000,황칠나전,GRAY,BIRTHDAY_60TH,인테리어|수집,False,True,False,False,False,ON_SALE,6,12,15,48.0,"천연 옻을 13회 이상 겹쳐 바르고 완전히 건조한 뒤, 얇게 연마한 자개를 전통 끊음질 기법으로 붙여 완성했습니다.","직사광선과 고온다습한 환경을 피하고, 부드러운 마른 천으로 가볍게 닦아 주세요. 화학세제 사용은 금물입니다."
354,24,NACRE,나전액자,황칠나전 나전액자,777000,황칠나전,GRAY,HOUSEWARMING,수집|인테리어,False,False,False,False,False,ON_SALE,17,0,2,4.0,"자개를 실처럼 잘게 잘라 줄음질로 무늬를 만들고, 옻칠을 번갈아 입혀 표면을 평탄하게 연마했습니다. 빛에 따라 색이 달리 보입니다.",충격에 약하므로 부드러운 천에 싸서 보관하세요. 옻칠 표면이 마르지 않도록 가끔 동백기름을 얇게 발라 주세요.
355,24,NACRE,나전팔찌,옻칠나전 나전팔찌,73000,옻칠나전,WHITE,,선물,False,False,False,False,False,ON_SALE,14,6,3,15.0,"천연 옻을 6회 이상 겹쳐 바르고 완전히 건조한 뒤, 얇게 연마한 자개를 전통 끊음질 기법으로 붙여 완성했습니다.","직사광선과 고온다습한 환경을 피하고, 부드러운 마른 천으로 가볍게 닦아 주세요. 화학세제 사용은 금물입니다."
356,24,NACRE,자개장식품,주칠나전 자개장식품,651000,주칠나전,BROWN,,인테리어,False,False,True,False,False,ON_SALE,19,10,4,23.0,"전복 껍데기를 얇게 갈아 무늬를 잘라내고, 14겹으로 올린 옻칠 위에 하나하나 붙인 뒤 연마해 광택을 냈습니다.",충격에 약하므로 부드러운 천에 싸서 보관하세요. 옻칠 표면이 마르지 않도록 가끔 동백기름을 얇게 발라 주세요.
357,24,NACRE,함,흑칠나전 함,375000,흑칠나전,WHITE,BOSS,수집,False,True,False,False,False,ON_SALE,10,6,4,17.0,"천연 옻을 17회 이상 겹쳐 바르고 완전히 건조한 뒤, 얇게 연마한 자개를 전통 끊음질 기법으로 붙여 완성했습니다.","직사광선과 고온다습한 환경을 피하고, 부드러운 마른 천으로 가볍게 닦아 주세요. 화학세제 사용은 금물입니다."
358,24,NACRE,거울함,주칠나전 거울함,349000,주칠나전,WHITE,,선물|실용,False,False,False,False,False,ON_SALE,17,9,1,15.5,"전복 껍데기를 얇게 갈아 무늬를 잘라내고, 6겹으로 올린 옻칠 위에 하나하나 붙인 뒤 연마해 광택을 냈습니다.",충격에 약하므로 부드러운 천에 싸서 보관하세요. 옻칠 표면이 마르지 않도록 가끔 동백기름을 얇게 발라 주세요.
359,24,NACRE,소반,옻칠나전 소반,249000,옻칠나전,GRAY,HOUSEWARMING,수집|선물,False,False,False,False,False,ON_SALE,6,12,1,20.0,"자개를 실처럼 잘게 잘라 줄음질로 무늬를 만들고, 옻칠을 번갈아 입혀 표면을 평탄하게 연마했습니다. 빛에 따라 색이 달리 보입니다.",충격에 약하므로 부드러운 천에 싸서 보관하세요. 옻칠 표면이 마르지 않도록 가끔 동백기름을 얇게 발라 주세요.
360,24,NACRE,문갑,옻칠나전 문갑,579000,옻칠나전,GRAY,BIRTHDAY_60TH,실용,True,True,False,False,False,ON_SALE,27,36,8,70.0,"천연 옻을 6회 이상 겹쳐 바르고 완전히 건조한 뒤, 얇게 연마한 자개를 전통 끊음질 기법으로 붙여 완성했습니다.",충격에 약하므로 부드러운 천에 싸서 보관하세요. 옻칠 표면이 마르지 않도록 가끔 동백기름을 얇게 발라 주세요.
361,25,NACRE,보석함,옻칠나전 보석함,460000,옻칠나전,BROWN,CORPORATE,인테리어,False,True,False,False,False,ON_SALE,21,35,1,54.5,"천연 옻을 12회 이상 겹쳐 바르고 완전히 건조한 뒤, 얇게 연마한 자개를 전통 끊음질 기법으로 붙여 완성했습니다.","직사광선과 고온다습한 환경을 피하고, 부드러운 마른 천으로 가볍게 닦아 주세요. 화학세제 사용은 금물입니다."
362,25,NACRE,트레이,흑칠나전 트레이,704000,흑칠나전,WHITE,,수집,True,False,True,False,False,SOLD_OUT,0,7,3,16.5,"자개를 실처럼 잘게 잘라 줄음질로 무늬를 만들고, 옻칠을 번갈아 입혀 표면을 평탄하게 연마했습니다. 빛에 따라 색이 달리 보입니다.","직사광선과 고온다습한 환경을 피하고, 부드러운 마른 천으로 가볍게 닦아 주세요. 화학세제 사용은 금물입니다."
363,25,NACRE,나전필통,황칠나전 나전필통,629000,황칠나전,BROWN,BIRTHDAY_60TH,실용,False,True,True,False,False,ON_SALE,13,24,10,56.0,"천연 옻을 8회 이상 겹쳐 바르고 완전히 건조한 뒤, 얇게 연마한 자개를 전통 끊음질 기법으로 붙여 완성했습니다.","직사광선과 고온다습한 환경을 피하고, 부드러운 마른 천으로 가볍게 닦아 주세요. 화학세제 사용은 금물입니다."
364,25,NACRE,나전액자,주칠나전 나전액자,326000,주칠나전,BLACK,,수집|선물,False,False,False,False,False,ON_SALE,22,4,2,10.0,"전복 껍데기를 얇게 갈아 무늬를 잘라내고, 11겹으로 올린 옻칠 위에 하나하나 붙인 뒤 연마해 광택을 냈습니다.",충격에 약하므로 부드러운 천에 싸서 보관하세요. 옻칠 표면이 마르지 않도록 가끔 동백기름을 얇게 발라 주세요.
365,25,NACRE,나전팔찌,황칠나전 나전팔찌,705000,황칠나전,WHITE,,인테리어,False,False,True,False,False,ON_SALE,29,25,1,39.5,"전복 껍데기를 얇게 갈아 무늬를 잘라내고, 5겹으로 올린 옻칠 위에 하나하나 붙인 뒤 연마해 광택을 냈습니다.",충격에 약하므로 부드러운 천에 싸서 보관하세요. 옻칠 표면이 마르지 않도록 가끔 동백기름을 얇게 발라 주세요.
366,25,NACRE,자개장식품,황칠나전 자개장식품,353000,황칠나전,BLACK,PARENTS,선물,False,False,False,False,False,ON_SALE,14,23,2,38.5,"전복 껍데기를 얇게 갈아 무늬를 잘라내고, 13겹으로 올린 옻칠 위에 하나하나 붙인 뒤 연마해 광택을 냈습니다.",충격에 약하므로 부드러운 천에 싸서 보관하세요. 옻칠 표면이 마르지 않도록 가끔 동백기름을 얇게 발라 주세요.
367,25,NACRE,함,황칠나전 함,147000,황칠나전,GRAY,HOUSEWARMING,실용,True,False,False,False,False,ON_SALE,25,0,8,16.0,"자개를 실처럼 잘게 잘라 줄음질로 무늬를 만들고, 옻칠을 번갈아 입혀 표면을 평탄하게 연마했습니다. 빛에 따라 색이 달리 보입니다.",충격에 약하므로 부드러운 천에 싸서 보관하세요. 옻칠 표면이 마르지 않도록 가끔 동백기름을 얇게 발라 주세요.
368,25,NACRE,거울함,주칠나전 거울함,688000,주칠나전,BLACK,BOSS,실용|수집,True,True,False,False,False,ON_SALE,20,17,12,49.5,"천연 옻을 11회 이상 겹쳐 바르고 완전히 건조한 뒤, 얇게 연마한 자개를 전통 끊음질 기법으로 붙여 완성했습니다.",충격에 약하므로 부드러운 천에 싸서 보관하세요. 옻칠 표면이 마르지 않도록 가끔 동백기름을 얇게 발라 주세요.
369,25,NACRE,소반,황칠나전 소반,748000,황칠나전,BROWN,BOSS,실용|인테리어,False,True,False,False,False,ON_SALE,1,38,8,73.0,"자개를 실처럼 잘게 잘라 줄음질로 무늬를 만들고, 옻칠을 번갈아 입혀 표면을 평탄하게 연마했습니다. 빛에 따라 색이 달리 보입니다.","직사광선과 고온다습한 환경을 피하고, 부드러운 마른 천으로 가볍게 닦아 주세요. 화학세제 사용은 금물입니다."
370,25,NACRE,문갑,흑칠나전 문갑,763000,흑칠나전,GRAY,BIRTHDAY_60TH,인테리어,False,False,True,False,False,ON_SALE,1,19,4,36.5,"천연 옻을 13회 이상 겹쳐 바르고 완전히 건조한 뒤, 얇게 연마한 자개를 전통 끊음질 기법으로 붙여 완성했습니다.",충격에 약하므로 부드러운 천에 싸서 보관하세요. 옻칠 표면이 마르지 않도록 가끔 동백기름을 얇게 발라 주세요.
371,25,NACRE,보석함,흑칠나전 보석함,845000,흑칠나전,BROWN,BIRTHDAY_60TH,실용|수집,False,False,True,False,False,ON_SALE,7,8,4,20.0,"전복 껍데기를 얇게 갈아 무늬를 잘라내고, 11겹으로 올린 옻칠 위에 하나하나 붙인 뒤 연마해 광택을 냈습니다.","직사광선과 고온다습한 환경을 피하고, 부드러운 마른 천으로 가볍게 닦아 주세요. 화학세제 사용은 금물입니다."
372,25,NACRE,트레이,옻칠나전 트레이,299000,옻칠나전,WHITE,BOSS,수집|인테리어,False,False,False,False,False,ON_SALE,14,19,2,32.5,"전복 껍데기를 얇게 갈아 무늬를 잘라내고, 19겹으로 올린 옻칠 위에 하나하나 붙인 뒤 연마해 광택을 냈습니다.","직사광선과 고온다습한 환경을 피하고, 부드러운 마른 천으로 가볍게 닦아 주세요. 화학세제 사용은 금물입니다."
373,25,NACRE,나전필통,흑칠나전 나전필통,407000,흑칠나전,WHITE,PARENTS,인테리어,False,False,False,False,False,SOLD_OUT,0,0,1,2.0,"전복 껍데기를 얇게 갈아 무늬를 잘라내고, 20겹으로 올린 옻칠 위에 하나하나 붙인 뒤 연마해 광택을 냈습니다.",충격에 약하므로 부드러운 천에 싸서 보관하세요. 옻칠 표면이 마르지 않도록 가끔 동백기름을 얇게 발라 주세요.
374,25,NACRE,나전액자,옻칠나전 나전액자,369000,옻칠나전,GRAY,BOSS,선물|수집,False,False,False,False,False,ON_SALE,14,4,16,38.0,"자개를 실처럼 잘게 잘라 줄음질로 무늬를 만들고, 옻칠을 번갈아 입혀 표면을 평탄하게 연마했습니다. 빛에 따라 색이 달리 보입니다.",충격에 약하므로 부드러운 천에 싸서 보관하세요. 옻칠 표면이 마르지 않도록 가끔 동백기름을 얇게 발라 주세요.
375,25,NACRE,나전팔찌,옻칠나전 나전팔찌,799000,옻칠나전,GRAY,,선물|실용,False,False,False,False,True,ON_SALE,16,4,9,34.0,"천연 옻을 15회 이상 겹쳐 바르고 완전히 건조한 뒤, 얇게 연마한 자개를 전통 끊음질 기법으로 붙여 완성했습니다.","직사광선과 고온다습한 환경을 피하고, 부드러운 마른 천으로 가볍게 닦아 주세요. 화학세제 사용은 금물입니다."
376,26,NACRE,자개장식품,황칠나전 자개장식품,771000,황칠나전,BLACK,BOSS,수집|선물,False,False,True,True,False,ON_SALE,6,20,13,56.0,"자개를 실처럼 잘게 잘라 줄음질로 무늬를 만들고, 옻칠을 번갈아 입혀 표면을 평탄하게 연마했습니다. 빛에 따라 색이 달리 보입니다.","직사광선과 고온다습한 환경을 피하고, 부드러운 마른 천으로 가볍게 닦아 주세요. 화학세제 사용은 금물입니다."
377,26,NACRE,함,흑칠나전 함,297000,흑칠나전,BROWN,BOSS,인테리어|선물,False,False,True,False,False,ON_SALE,11,2,0,3.0,"자개를 실처럼 잘게 잘라 줄음질로 무늬를 만들고, 옻칠을 번갈아 입혀 표면을 평탄하게 연마했습니다. 빛에 따라 색이 달리 보입니다.",충격에 약하므로 부드러운 천에 싸서 보관하세요. 옻칠 표면이 마르지 않도록 가끔 동백기름을 얇게 발라 주세요.
378,26,NACRE,거울함,황칠나전 거울함,382000,황칠나전,WHITE,PARENTS,수집,False,False,False,False,False,ON_SALE,26,15,3,28.5,"전복 껍데기를 얇게 갈아 무늬를 잘라내고, 5겹으로 올린 옻칠 위에 하나하나 붙인 뒤 연마해 광택을 냈습니다.","직사광선과 고온다습한 환경을 피하고, 부드러운 마른 천으로 가볍게 닦아 주세요. 화학세제 사용은 금물입니다."
379,26,NACRE,소반,황칠나전 소반,227000,황칠나전,BLACK,BOSS,수집,True,True,False,False,False,SOLD_OUT,0,2,2,7.0,"천연 옻을 13회 이상 겹쳐 바르고 완전히 건조한 뒤, 얇게 연마한 자개를 전통 끊음질 기법으로 붙여 완성했습니다.",충격에 약하므로 부드러운 천에 싸서 보관하세요. 옻칠 표면이 마르지 않도록 가끔 동백기름을 얇게 발라 주세요.
380,26,NACRE,문갑,주칠나전 문갑,569000,주칠나전,WHITE,BIRTHDAY_60TH,수집,False,False,False,False,False,ON_SALE,20,3,7,18.5,"전복 껍데기를 얇게 갈아 무늬를 잘라내고, 16겹으로 올린 옻칠 위에 하나하나 붙인 뒤 연마해 광택을 냈습니다.","직사광선과 고온다습한 환경을 피하고, 부드러운 마른 천으로 가볍게 닦아 주세요. 화학세제 사용은 금물입니다."
381,26,NACRE,보석함,옻칠나전 보석함,552000,옻칠나전,GRAY,BIRTHDAY_60TH,실용,False,False,False,False,False,SOLD_OUT,0,27,5,50.5,"천연 옻을 9회 이상 겹쳐 바르고 완전히 건조한 뒤, 얇게 연마한 자개를 전통 끊음질 기법으로 붙여 완성했습니다.","직사광선과 고온다습한 환경을 피하고, 부드러운 마른 천으로 가볍게 닦아 주세요. 화학세제 사용은 금물입니다."
382,26,NACRE,트레이,흑칠나전 트레이,567000,흑칠나전,BLACK,BIRTHDAY_60TH,수집|인테리어,False,False,True,False,True,ON_SALE,4,20,4,48.0,"전복 껍데기를 얇게 갈아 무늬를 잘라내고, 8겹으로 올린 옻칠 위에 하나하나 붙인 뒤 연마해 광택을 냈습니다.",충격에 약하므로 부드러운 천에 싸서 보관하세요. 옻칠 표면이 마르지 않도록 가끔 동백기름을 얇게 발라 주세요.
383,26,NACRE,나전필통,흑칠나전 나전필통,366000,흑칠나전,BLACK,,수집|실용,False,False,False,False,False,ON_SALE,20,4,8,22.0,"천연 옻을 14회 이상 겹쳐 바르고 완전히 건조한 뒤, 얇게 연마한 자개를 전통 끊음질 기법으로 붙여 완성했습니다.","직사광선과 고온다습한 환경을 피하고, 부드러운 마른 천으로 가볍게 닦아 주세요. 화학세제 사용은 금물입니다."
384,26,NACRE,나전액자,흑칠나전 나전액자,220000,흑칠나전,GRAY,BIRTHDAY_60TH,수집|실용,False,False,False,False,False,SOLD_OUT,0,6,8,25.0,"자개를 실처럼 잘게 잘라 줄음질로 무늬를 만들고, 옻칠을 번갈아 입혀 표면을 평탄하게 연마했습니다. 빛에 따라 색이 달리 보입니다.",충격에 약하므로 부드러운 천에 싸서 보관하세요. 옻칠 표면이 마르지 않도록 가끔 동백기름을 얇게 발라 주세요.
385,26,NACRE,나전팔찌,옻칠나전 나전팔찌,59000,옻칠나전,BLACK,,인테리어,True,False,False,False,False,ON_SALE,14,27,15,70.5,"자개를 실처럼 잘게 잘라 줄음질로 무늬를 만들고, 옻칠을 번갈아 입혀 표면을 평탄하게 연마했습니다. 빛에 따라 색이 달리 보입니다.","직사광선과 고온다습한 환경을 피하고, 부드러운 마른 천으로 가볍게 닦아 주세요. 화학세제 사용은 금물입니다."
386,26,NACRE,자개장식품,흑칠나전 자개장식품,530000,흑칠나전,WHITE,CORPORATE,인테리어|수집,False,False,False,False,True,ON_SALE,8,3,6,26.5,"천연 옻을 9회 이상 겹쳐 바르고 완전히 건조한 뒤, 얇게 연마한 자개를 전통 끊음질 기법으로 붙여 완성했습니다.","직사광선과 고온다습한 환경을 피하고, 부드러운 마른 천으로 가볍게 닦아 주세요. 화학세제 사용은 금물입니다."
387,26,NACRE,함,옻칠나전 함,470000,옻칠나전,BLACK,BIRTHDAY_60TH,실용|인테리어,False,False,False,False,False,ON_SALE,8,18,6,39.0,"천연 옻을 18회 이상 겹쳐 바르고 완전히 건조한 뒤, 얇게 연마한 자개를 전통 끊음질 기법으로 붙여 완성했습니다.",충격에 약하므로 부드러운 천에 싸서 보관하세요. 옻칠 표면이 마르지 않도록 가끔 동백기름을 얇게 발라 주세요.
388,26,NACRE,거울함,흑칠나전 거울함,164000,흑칠나전,WHITE,,실용|선물,False,True,False,False,False,ON_SALE,19,35,3,58.5,"자개를 실처럼 잘게 잘라 줄음질로 무늬를 만들고, 옻칠을 번갈아 입혀 표면을 평탄하게 연마했습니다. 빛에 따라 색이 달리 보입니다.",충격에 약하므로 부드러운 천에 싸서 보관하세요. 옻칠 표면이 마르지 않도록 가끔 동백기름을 얇게 발라 주세요.
389,26,NACRE,소반,주칠나전 소반,734000,주칠나전,WHITE,HOUSEWARMING,수집|인테리어,False,False,True,False,False,ON_SALE,16,1,4,9.5,"천연 옻을 18회 이상 겹쳐 바르고 완전히 건조한 뒤, 얇게 연마한 자개를 전통 끊음질 기법으로 붙여 완성했습니다.",충격에 약하므로 부드러운 천에 싸서 보관하세요. 옻칠 표면이 마르지 않도록 가끔 동백기름을 얇게 발라 주세요.
390,26,NACRE,문갑,주칠나전 문갑,63000,주칠나전,BROWN,,실용|선물,False,False,False,True,True,ON_SALE,20,3,6,26.5,"천연 옻을 6회 이상 겹쳐 바르고 완전히 건조한 뒤, 얇게 연마한 자개를 전통 끊음질 기법으로 붙여 완성했습니다.",충격에 약하므로 부드러운 천에 싸서 보관하세요. 옻칠 표면이 마르지 않도록 가끔 동백기름을 얇게 발라 주세요.
391,27,DYEING,앞치마,황토염색 앞치마,95000,황토염색,BROWN,,선물,False,False,False,False,False,ON_SALE,28,44,13,92.0,전통 황토염색 기법으로 3회 이상 반복 염색해 깊고 고른 색을 완성했습니다. 천연 염료 특성상 세탁 후 색이 조금씩 변하며 깊어집니다.,첫 세탁 시 찬물에 소금 한 큰술을 풀어 30분 담근 뒤 세탁하면 색이 오래 유지됩니다. 그늘에서 뒤집어 건조하세요.
392,27,DYEING,파우치,홍화염색 파우치,203000,홍화염색,WHITE,,인테리어,False,False,False,False,False,ON_SALE,4,28,4,50.0,자연에서 채취한 홍화염색 원료를 달여 만든 염액에 4시간 침지한 뒤 햇볕에 말렸습니다. 방부제·형광증백제 무첨가입니다.,첫 세탁 시 찬물에 소금 한 큰술을 풀어 30분 담근 뒤 세탁하면 색이 오래 유지됩니다. 그늘에서 뒤집어 건조하세요.
393,27,DYEING,보자기,홍화염색 보자기,276000,홍화염색,GREEN,HOUSEWARMING,선물,False,False,False,False,False,ON_SALE,14,23,1,36.5,자연에서 채취한 홍화염색 원료를 달여 만든 염액에 8시간 침지한 뒤 햇볕에 말렸습니다. 방부제·형광증백제 무첨가입니다.,중성세제로 손세탁하고 비틀어 짜지 마세요. 자연 건조 후 낮은 온도로 다림질하면 촉감이 살아납니다.
394,27,DYEING,테이블러너,감물염색 테이블러너,33000,감물염색,GREEN,PARENTS,실용|선물,True,False,False,False,True,ON_SALE,22,38,1,69.0,손으로 직접 매듭을 지어 홀치기 염색한 뒤 한 올씩 펼쳐 건조했습니다. 같은 무늬가 없는 세상에 하나뿐인 작품입니다.,첫 세탁 시 찬물에 소금 한 큰술을 풀어 30분 담근 뒤 세탁하면 색이 오래 유지됩니다. 그늘에서 뒤집어 건조하세요.
395,27,DYEING,이불,치자염색 이불,173000,치자염색,BROWN,HOUSEWARMING,인테리어|선물,False,False,True,False,False,SOLD_OUT,0,14,7,35.0,자연에서 채취한 치자염색 원료를 달여 만든 염액에 9시간 침지한 뒤 햇볕에 말렸습니다. 방부제·형광증백제 무첨가입니다.,중성세제로 손세탁하고 비틀어 짜지 마세요. 자연 건조 후 낮은 온도로 다림질하면 촉감이 살아납니다.
396,27,DYEING,방석,감물염색 방석,36000,감물염색,RED,BOSS,패션|인테리어,False,False,True,False,False,ON_SALE,21,2,0,3.0,손으로 직접 매듭을 지어 홀치기 염색한 뒤 한 올씩 펼쳐 건조했습니다. 같은 무늬가 없는 세상에 하나뿐인 작품입니다.,중성세제로 손세탁하고 비틀어 짜지 마세요. 자연 건조 후 낮은 온도로 다림질하면 촉감이 살아납니다.
397,27,DYEING,손수건,홍화염색 손수건,48000,홍화염색,BROWN,,인테리어|패션,True,False,False,False,False,ON_SALE,11,61,13,117.5,손으로 직접 매듭을 지어 홀치기 염색한 뒤 한 올씩 펼쳐 건조했습니다. 같은 무늬가 없는 세상에 하나뿐인 작품입니다.,첫 세탁 시 찬물에 소금 한 큰술을 풀어 30분 담근 뒤 세탁하면 색이 오래 유지됩니다. 그늘에서 뒤집어 건조하세요.
398,27,DYEING,스카프,황토염색 스카프,211000,황토염색,BROWN,,선물,False,True,False,False,False,ON_SALE,14,1,0,1.5,전통 황토염색 기법으로 7회 이상 반복 염색해 깊고 고른 색을 완성했습니다. 천연 염료 특성상 세탁 후 색이 조금씩 변하며 깊어집니다.,중성세제로 손세탁하고 비틀어 짜지 마세요. 자연 건조 후 낮은 온도로 다림질하면 촉감이 살아납니다.
399,27,DYEING,침구세트,홍화염색 침구세트,224000,홍화염색,GREEN,,인테리어|패션,False,False,False,False,False,ON_SALE,6,2,1,5.0,손으로 직접 매듭을 지어 홀치기 염색한 뒤 한 올씩 펼쳐 건조했습니다. 같은 무늬가 없는 세상에 하나뿐인 작품입니다.,중성세제로 손세탁하고 비틀어 짜지 마세요. 자연 건조 후 낮은 온도로 다림질하면 촉감이 살아납니다.
400,27,DYEING,머플러,홍화염색 머플러,126000,홍화염색,WHITE,BOSS,패션|선물,False,False,False,False,False,ON_SALE,19,5,5,17.5,전통 홍화염색 기법으로 11회 이상 반복 염색해 깊고 고른 색을 완성했습니다. 천연 염료 특성상 세탁 후 색이 조금씩 변하며 깊어집니다.,중성세제로 손세탁하고 비틀어 짜지 마세요. 자연 건조 후 낮은 온도로 다림질하면 촉감이 살아납니다.
401,27,DYEING,앞치마,황토염색 앞치마,266000,황토염색,BROWN,BOSS,실용,False,False,False,False,False,ON_SALE,24,10,1,17.0,자연에서 채취한 황토염색 원료를 달여 만든 염액에 7시간 침지한 뒤 햇볕에 말렸습니다. 방부제·형광증백제 무첨가입니다.,첫 세탁 시 찬물에 소금 한 큰술을 풀어 30분 담근 뒤 세탁하면 색이 오래 유지됩니다. 그늘에서 뒤집어 건조하세요.
402,27,DYEING,파우치,쪽염색 파우치,249000,쪽염색,GREEN,BOSS,패션|실용,False,False,False,False,False,ON_SALE,11,1,7,15.5,손으로 직접 매듭을 지어 홀치기 염색한 뒤 한 올씩 펼쳐 건조했습니다. 같은 무늬가 없는 세상에 하나뿐인 작품입니다.,중성세제로 손세탁하고 비틀어 짜지 마세요. 자연 건조 후 낮은 온도로 다림질하면 촉감이 살아납니다.
403,27,DYEING,보자기,감물염색 보자기,41000,감물염색,RED,PARENTS,인테리어|패션,False,False,False,False,False,ON_SALE,4,15,0,22.5,손으로 직접 매듭을 지어 홀치기 염색한 뒤 한 올씩 펼쳐 건조했습니다. 같은 무늬가 없는 세상에 하나뿐인 작품입니다.,첫 세탁 시 찬물에 소금 한 큰술을 풀어 30분 담근 뒤 세탁하면 색이 오래 유지됩니다. 그늘에서 뒤집어 건조하세요.
404,27,DYEING,테이블러너,치자염색 테이블러너,275000,치자염색,GRAY,BOSS,선물,False,False,True,False,False,ON_SALE,3,24,7,50.0,자연에서 채취한 치자염색 원료를 달여 만든 염액에 6시간 침지한 뒤 햇볕에 말렸습니다. 방부제·형광증백제 무첨가입니다.,첫 세탁 시 찬물에 소금 한 큰술을 풀어 30분 담근 뒤 세탁하면 색이 오래 유지됩니다. 그늘에서 뒤집어 건조하세요.
405,27,DYEING,이불,감물염색 이불,110000,감물염색,BLUE,,선물|인테리어,False,True,False,False,False,ON_SALE,25,1,2,5.5,자연에서 채취한 감물염색 원료를 달여 만든 염액에 8시간 침지한 뒤 햇볕에 말렸습니다. 방부제·형광증백제 무첨가입니다.,첫 세탁 시 찬물에 소금 한 큰술을 풀어 30분 담근 뒤 세탁하면 색이 오래 유지됩니다. 그늘에서 뒤집어 건조하세요.
406,28,DYEING,방석,쪽염색 방석,31000,쪽염색,GRAY,,인테리어,True,True,False,False,False,SOLD_OUT,0,0,2,4.0,손으로 직접 매듭을 지어 홀치기 염색한 뒤 한 올씩 펼쳐 건조했습니다. 같은 무늬가 없는 세상에 하나뿐인 작품입니다.,첫 세탁 시 찬물에 소금 한 큰술을 풀어 30분 담근 뒤 세탁하면 색이 오래 유지됩니다. 그늘에서 뒤집어 건조하세요.
407,28,DYEING,손수건,감물염색 손수건,76000,감물염색,GRAY,,선물|실용,False,True,True,False,False,ON_SALE,18,49,8,89.5,전통 감물염색 기법으로 11회 이상 반복 염색해 깊고 고른 색을 완성했습니다. 천연 염료 특성상 세탁 후 색이 조금씩 변하며 깊어집니다.,첫 세탁 시 찬물에 소금 한 큰술을 풀어 30분 담근 뒤 세탁하면 색이 오래 유지됩니다. 그늘에서 뒤집어 건조하세요.
408,28,DYEING,스카프,황토염색 스카프,60000,황토염색,GRAY,,실용,False,True,True,False,False,ON_SALE,2,0,4,8.0,손으로 직접 매듭을 지어 홀치기 염색한 뒤 한 올씩 펼쳐 건조했습니다. 같은 무늬가 없는 세상에 하나뿐인 작품입니다.,중성세제로 손세탁하고 비틀어 짜지 마세요. 자연 건조 후 낮은 온도로 다림질하면 촉감이 살아납니다.
409,28,DYEING,침구세트,홍화염색 침구세트,157000,홍화염색,BLUE,BIRTHDAY_60TH,패션|실용,False,False,True,False,False,ON_SALE,13,17,14,53.5,손으로 직접 매듭을 지어 홀치기 염색한 뒤 한 올씩 펼쳐 건조했습니다. 같은 무늬가 없는 세상에 하나뿐인 작품입니다.,중성세제로 손세탁하고 비틀어 짜지 마세요. 자연 건조 후 낮은 온도로 다림질하면 촉감이 살아납니다.
410,28,DYEING,머플러,감물염색 머플러,193000,감물염색,RED,BIRTHDAY_60TH,패션|실용,False,False,True,False,False,SOLD_OUT,0,2,20,43.0,손으로 직접 매듭을 지어 홀치기 염색한 뒤 한 올씩 펼쳐 건조했습니다. 같은 무늬가 없는 세상에 하나뿐인 작품입니다.,중성세제로 손세탁하고 비틀어 짜지 마세요. 자연 건조 후 낮은 온도로 다림질하면 촉감이 살아납니다.
411,28,DYEING,앞치마,쪽염색 앞치마,268000,쪽염색,BLUE,PARENTS,선물|인테리어,False,False,False,False,False,SOLD_OUT,0,7,7,24.5,자연에서 채취한 쪽염색 원료를 달여 만든 염액에 5시간 침지한 뒤 햇볕에 말렸습니다. 방부제·형광증백제 무첨가입니다.,첫 세탁 시 찬물에 소금 한 큰술을 풀어 30분 담근 뒤 세탁하면 색이 오래 유지됩니다. 그늘에서 뒤집어 건조하세요.
412,28,DYEING,파우치,쪽염색 파우치,116000,쪽염색,BLUE,FRIEND,선물|패션,False,False,False,False,False,ON_SALE,26,18,2,31.0,자연에서 채취한 쪽염색 원료를 달여 만든 염액에 10시간 침지한 뒤 햇볕에 말렸습니다. 방부제·형광증백제 무첨가입니다.,중성세제로 손세탁하고 비틀어 짜지 마세요. 자연 건조 후 낮은 온도로 다림질하면 촉감이 살아납니다.
413,28,DYEING,보자기,쪽염색 보자기,21000,쪽염색,BROWN,PARENTS,패션,False,False,False,False,False,ON_SALE,22,13,1,21.5,손으로 직접 매듭을 지어 홀치기 염색한 뒤 한 올씩 펼쳐 건조했습니다. 같은 무늬가 없는 세상에 하나뿐인 작품입니다.,첫 세탁 시 찬물에 소금 한 큰술을 풀어 30분 담근 뒤 세탁하면 색이 오래 유지됩니다. 그늘에서 뒤집어 건조하세요.
414,28,DYEING,테이블러너,쪽염색 테이블러너,158000,쪽염색,RED,HOUSEWARMING,선물,False,False,True,False,False,ON_SALE,28,41,4,69.5,자연에서 채취한 쪽염색 원료를 달여 만든 염액에 7시간 침지한 뒤 햇볕에 말렸습니다. 방부제·형광증백제 무첨가입니다.,중성세제로 손세탁하고 비틀어 짜지 마세요. 자연 건조 후 낮은 온도로 다림질하면 촉감이 살아납니다.
415,28,DYEING,이불,쪽염색 이불,271000,쪽염색,WHITE,BIRTHDAY_60TH,선물|인테리어,True,False,False,False,False,ON_SALE,29,12,0,18.0,손으로 직접 매듭을 지어 홀치기 염색한 뒤 한 올씩 펼쳐 건조했습니다. 같은 무늬가 없는 세상에 하나뿐인 작품입니다.,첫 세탁 시 찬물에 소금 한 큰술을 풀어 30분 담근 뒤 세탁하면 색이 오래 유지됩니다. 그늘에서 뒤집어 건조하세요.
416,28,DYEING,방석,감물염색 방석,102000,감물염색,BLUE,PARENTS,인테리어|선물,True,False,True,False,False,ON_SALE,8,1,2,5.5,자연에서 채취한 감물염색 원료를 달여 만든 염액에 6시간 침지한 뒤 햇볕에 말렸습니다. 방부제·형광증백제 무첨가입니다.,첫 세탁 시 찬물에 소금 한 큰술을 풀어 30분 담근 뒤 세탁하면 색이 오래 유지됩니다. 그늘에서 뒤집어 건조하세요.
417,28,DYEING,손수건,황토염색 손수건,242000,황토염색,GRAY,PARENTS,패션,True,True,True,False,False,ON_SALE,5,0,12,24.0,전통 황토염색 기법으로 6회 이상 반복 염색해 깊고 고른 색을 완성했습니다. 천연 염료 특성상 세탁 후 색이 조금씩 변하며 깊어집니다.,중성세제로 손세탁하고 비틀어 짜지 마세요. 자연 건조 후 낮은 온도로 다림질하면 촉감이 살아납니다.
418,28,DYEING,스카프,치자염색 스카프,70000,치자염색,WHITE,HOUSEWARMING,선물,False,False,False,False,False,ON_SALE,20,0,3,6.0,자연에서 채취한 치자염색 원료를 달여 만든 염액에 9시간 침지한 뒤 햇볕에 말렸습니다. 방부제·형광증백제 무첨가입니다.,첫 세탁 시 찬물에 소금 한 큰술을 풀어 30분 담근 뒤 세탁하면 색이 오래 유지됩니다. 그늘에서 뒤집어 건조하세요.
419,28,DYEING,침구세트,황토염색 침구세트,186000,황토염색,WHITE,PARENTS,선물,True,False,False,False,False,ON_SALE,17,4,4,14.0,손으로 직접 매듭을 지어 홀치기 염색한 뒤 한 올씩 펼쳐 건조했습니다. 같은 무늬가 없는 세상에 하나뿐인 작품입니다.,중성세제로 손세탁하고 비틀어 짜지 마세요. 자연 건조 후 낮은 온도로 다림질하면 촉감이 살아납니다.
420,28,DYEING,머플러,홍화염색 머플러,48000,홍화염색,RED,,인테리어,False,False,False,False,False,ON_SALE,16,5,3,13.5,자연에서 채취한 홍화염색 원료를 달여 만든 염액에 5시간 침지한 뒤 햇볕에 말렸습니다. 방부제·형광증백제 무첨가입니다.,첫 세탁 시 찬물에 소금 한 큰술을 풀어 30분 담근 뒤 세탁하면 색이 오래 유지됩니다. 그늘에서 뒤집어 건조하세요.
421,29,DYEING,앞치마,치자염색 앞치마,139000,치자염색,GRAY,,패션,False,True,False,False,False,ON_SALE,23,17,5,35.5,손으로 직접 매듭을 지어 홀치기 염색한 뒤 한 올씩 펼쳐 건조했습니다. 같은 무늬가 없는 세상에 하나뿐인 작품입니다.,중성세제로 손세탁하고 비틀어 짜지 마세요. 자연 건조 후 낮은 온도로 다림질하면 촉감이 살아납니다.
422,29,DYEING,파우치,치자염색 파우치,232000,치자염색,GRAY,,실용|선물,False,False,False,False,False,ON_SALE,15,14,2,25.0,손으로 직접 매듭을 지어 홀치기 염색한 뒤 한 올씩 펼쳐 건조했습니다. 같은 무늬가 없는 세상에 하나뿐인 작품입니다.,중성세제로 손세탁하고 비틀어 짜지 마세요. 자연 건조 후 낮은 온도로 다림질하면 촉감이 살아납니다.
423,29,DYEING,보자기,감물염색 보자기,21000,감물염색,RED,,선물|패션,True,True,True,False,False,ON_SALE,2,55,1,84.5,자연에서 채취한 감물염색 원료를 달여 만든 염액에 9시간 침지한 뒤 햇볕에 말렸습니다. 방부제·형광증백제 무첨가입니다.,첫 세탁 시 찬물에 소금 한 큰술을 풀어 30분 담근 뒤 세탁하면 색이 오래 유지됩니다. 그늘에서 뒤집어 건조하세요.
424,29,DYEING,테이블러너,홍화염색 테이블러너,143000,홍화염색,BROWN,FRIEND,실용,False,False,True,False,False,ON_SALE,29,1,22,45.5,자연에서 채취한 홍화염색 원료를 달여 만든 염액에 5시간 침지한 뒤 햇볕에 말렸습니다. 방부제·형광증백제 무첨가입니다.,중성세제로 손세탁하고 비틀어 짜지 마세요. 자연 건조 후 낮은 온도로 다림질하면 촉감이 살아납니다.
425,29,DYEING,이불,홍화염색 이불,240000,홍화염색,BROWN,BOSS,선물,False,True,True,False,False,ON_SALE,14,56,2,88.0,전통 홍화염색 기법으로 8회 이상 반복 염색해 깊고 고른 색을 완성했습니다. 천연 염료 특성상 세탁 후 색이 조금씩 변하며 깊어집니다.,첫 세탁 시 찬물에 소금 한 큰술을 풀어 30분 담근 뒤 세탁하면 색이 오래 유지됩니다. 그늘에서 뒤집어 건조하세요.
426,29,DYEING,방석,치자염색 방석,144000,치자염색,BROWN,BOSS,인테리어,False,False,False,False,True,ON_SALE,22,14,1,33.0,자연에서 채취한 치자염색 원료를 달여 만든 염액에 5시간 침지한 뒤 햇볕에 말렸습니다. 방부제·형광증백제 무첨가입니다.,중성세제로 손세탁하고 비틀어 짜지 마세요. 자연 건조 후 낮은 온도로 다림질하면 촉감이 살아납니다.
427,29,DYEING,손수건,감물염색 손수건,182000,감물염색,GRAY,,패션|인테리어,False,False,False,False,False,ON_SALE,29,3,15,34.5,자연에서 채취한 감물염색 원료를 달여 만든 염액에 10시간 침지한 뒤 햇볕에 말렸습니다. 방부제·형광증백제 무첨가입니다.,첫 세탁 시 찬물에 소금 한 큰술을 풀어 30분 담근 뒤 세탁하면 색이 오래 유지됩니다. 그늘에서 뒤집어 건조하세요.
428,29,DYEING,스카프,황토염색 스카프,209000,황토염색,GREEN,PARENTS,선물|패션,False,False,True,True,False,ON_SALE,15,9,4,21.5,자연에서 채취한 황토염색 원료를 달여 만든 염액에 9시간 침지한 뒤 햇볕에 말렸습니다. 방부제·형광증백제 무첨가입니다.,중성세제로 손세탁하고 비틀어 짜지 마세요. 자연 건조 후 낮은 온도로 다림질하면 촉감이 살아납니다.
429,29,DYEING,침구세트,황토염색 침구세트,244000,황토염색,GREEN,PARENTS,인테리어,False,True,False,False,False,ON_SALE,30,3,1,6.5,자연에서 채취한 황토염색 원료를 달여 만든 염액에 3시간 침지한 뒤 햇볕에 말렸습니다. 방부제·형광증백제 무첨가입니다.,첫 세탁 시 찬물에 소금 한 큰술을 풀어 30분 담근 뒤 세탁하면 색이 오래 유지됩니다. 그늘에서 뒤집어 건조하세요.
430,29,DYEING,머플러,치자염색 머플러,186000,치자염색,RED,HOUSEWARMING,인테리어|패션,False,False,True,False,False,ON_SALE,9,0,2,4.0,자연에서 채취한 치자염색 원료를 달여 만든 염액에 8시간 침지한 뒤 햇볕에 말렸습니다. 방부제·형광증백제 무첨가입니다.,중성세제로 손세탁하고 비틀어 짜지 마세요. 자연 건조 후 낮은 온도로 다림질하면 촉감이 살아납니다.
431,29,DYEING,앞치마,감물염색 앞치마,280000,감물염색,GRAY,BIRTHDAY_60TH,패션,False,False,False,False,False,ON_SALE,24,25,3,43.5,전통 감물염색 기법으로 3회 이상 반복 염색해 깊고 고른 색을 완성했습니다. 천연 염료 특성상 세탁 후 색이 조금씩 변하며 깊어집니다.,중성세제로 손세탁하고 비틀어 짜지 마세요. 자연 건조 후 낮은 온도로 다림질하면 촉감이 살아납니다.
432,29,DYEING,파우치,홍화염색 파우치,242000,홍화염색,GREEN,BOSS,선물|실용,False,True,False,True,False,ON_SALE,11,3,4,12.5,자연에서 채취한 홍화염색 원료를 달여 만든 염액에 9시간 침지한 뒤 햇볕에 말렸습니다. 방부제·형광증백제 무첨가입니다.,중성세제로 손세탁하고 비틀어 짜지 마세요. 자연 건조 후 낮은 온도로 다림질하면 촉감이 살아납니다.
433,29,DYEING,보자기,황토염색 보자기,89000,황토염색,GRAY,,인테리어,False,True,False,False,False,ON_SALE,19,49,8,89.5,자연에서 채취한 황토염색 원료를 달여 만든 염액에 3시간 침지한 뒤 햇볕에 말렸습니다. 방부제·형광증백제 무첨가입니다.,첫 세탁 시 찬물에 소금 한 큰술을 풀어 30분 담근 뒤 세탁하면 색이 오래 유지됩니다. 그늘에서 뒤집어 건조하세요.
434,29,DYEING,테이블러너,홍화염색 테이블러너,34000,홍화염색,BLUE,BIRTHDAY_60TH,선물|패션,True,False,True,False,False,ON_SALE,2,6,0,9.0,자연에서 채취한 홍화염색 원료를 달여 만든 염액에 11시간 침지한 뒤 햇볕에 말렸습니다. 방부제·형광증백제 무첨가입니다.,중성세제로 손세탁하고 비틀어 짜지 마세요. 자연 건조 후 낮은 온도로 다림질하면 촉감이 살아납니다.
435,29,DYEING,이불,감물염색 이불,232000,감물염색,RED,BIRTHDAY_60TH,선물|실용,True,True,False,False,False,ON_SALE,10,13,5,29.5,손으로 직접 매듭을 지어 홀치기 염색한 뒤 한 올씩 펼쳐 건조했습니다. 같은 무늬가 없는 세상에 하나뿐인 작품입니다.,중성세제로 손세탁하고 비틀어 짜지 마세요. 자연 건조 후 낮은 온도로 다림질하면 촉감이 살아납니다.
436,30,DYEING,방석,황토염색 방석,246000,황토염색,RED,BIRTHDAY_60TH,패션,False,False,False,False,False,ON_SALE,10,15,20,62.5,자연에서 채취한 황토염색 원료를 달여 만든 염액에 3시간 침지한 뒤 햇볕에 말렸습니다. 방부제·형광증백제 무첨가입니다.,중성세제로 손세탁하고 비틀어 짜지 마세요. 자연 건조 후 낮은 온도로 다림질하면 촉감이 살아납니다.
437,30,DYEING,손수건,감물염색 손수건,145000,감물염색,GRAY,,패션,False,False,False,True,False,ON_SALE,29,30,2,49.0,손으로 직접 매듭을 지어 홀치기 염색한 뒤 한 올씩 펼쳐 건조했습니다. 같은 무늬가 없는 세상에 하나뿐인 작품입니다.,중성세제로 손세탁하고 비틀어 짜지 마세요. 자연 건조 후 낮은 온도로 다림질하면 촉감이 살아납니다.
438,30,DYEING,스카프,쪽염색 스카프,228000,쪽염색,WHITE,PARENTS,인테리어,False,False,False,False,False,ON_SALE,2,9,0,13.5,손으로 직접 매듭을 지어 홀치기 염색한 뒤 한 올씩 펼쳐 건조했습니다. 같은 무늬가 없는 세상에 하나뿐인 작품입니다.,중성세제로 손세탁하고 비틀어 짜지 마세요. 자연 건조 후 낮은 온도로 다림질하면 촉감이 살아납니다.
439,30,DYEING,침구세트,감물염색 침구세트,221000,감물염색,BROWN,HOUSEWARMING,선물,True,False,True,False,False,ON_SALE,18,16,10,44.0,자연에서 채취한 감물염색 원료를 달여 만든 염액에 9시간 침지한 뒤 햇볕에 말렸습니다. 방부제·형광증백제 무첨가입니다.,첫 세탁 시 찬물에 소금 한 큰술을 풀어 30분 담근 뒤 세탁하면 색이 오래 유지됩니다. 그늘에서 뒤집어 건조하세요.
440,30,DYEING,머플러,감물염색 머플러,27000,감물염색,BROWN,HOUSEWARMING,실용,True,False,True,False,True,ON_SALE,15,6,1,21.0,전통 감물염색 기법으로 5회 이상 반복 염색해 깊고 고른 색을 완성했습니다. 천연 염료 특성상 세탁 후 색이 조금씩 변하며 깊어집니다.,첫 세탁 시 찬물에 소금 한 큰술을 풀어 30분 담근 뒤 세탁하면 색이 오래 유지됩니다. 그늘에서 뒤집어 건조하세요.
441,30,DYEING,앞치마,감물염색 앞치마,217000,감물염색,WHITE,FRIEND,패션|선물,True,False,True,False,False,ON_SALE,1,8,36,84.0,자연에서 채취한 감물염색 원료를 달여 만든 염액에 3시간 침지한 뒤 햇볕에 말렸습니다. 방부제·형광증백제 무첨가입니다.,첫 세탁 시 찬물에 소금 한 큰술을 풀어 30분 담근 뒤 세탁하면 색이 오래 유지됩니다. 그늘에서 뒤집어 건조하세요.
442,30,DYEING,파우치,쪽염색 파우치,103000,쪽염색,RED,PARENTS,패션,False,False,False,False,False,ON_SALE,14,1,1,3.5,자연에서 채취한 쪽염색 원료를 달여 만든 염액에 4시간 침지한 뒤 햇볕에 말렸습니다. 방부제·형광증백제 무첨가입니다.,중성세제로 손세탁하고 비틀어 짜지 마세요. 자연 건조 후 낮은 온도로 다림질하면 촉감이 살아납니다.
443,30,DYEING,보자기,홍화염색 보자기,24000,홍화염색,BLUE,BIRTHDAY_60TH,실용|패션,True,False,False,False,True,ON_SALE,10,21,5,51.5,전통 홍화염색 기법으로 9회 이상 반복 염색해 깊고 고른 색을 완성했습니다. 천연 염료 특성상 세탁 후 색이 조금씩 변하며 깊어집니다.,첫 세탁 시 찬물에 소금 한 큰술을 풀어 30분 담근 뒤 세탁하면 색이 오래 유지됩니다. 그늘에서 뒤집어 건조하세요.
444,30,DYEING,테이블러너,황토염색 테이블러너,216000,황토염색,BLUE,BOSS,인테리어,False,False,True,False,False,ON_SALE,20,36,4,62.0,손으로 직접 매듭을 지어 홀치기 염색한 뒤 한 올씩 펼쳐 건조했습니다. 같은 무늬가 없는 세상에 하나뿐인 작품입니다.,첫 세탁 시 찬물에 소금 한 큰술을 풀어 30분 담근 뒤 세탁하면 색이 오래 유지됩니다. 그늘에서 뒤집어 건조하세요.
445,30,DYEING,이불,치자염색 이불,28000,치자염색,GRAY,BIRTHDAY_60TH,인테리어,False,False,False,True,False,ON_SALE,5,7,8,26.5,전통 치자염색 기법으로 3회 이상 반복 염색해 깊고 고른 색을 완성했습니다. 천연 염료 특성상 세탁 후 색이 조금씩 변하며 깊어집니다.,중성세제로 손세탁하고 비틀어 짜지 마세요. 자연 건조 후 낮은 온도로 다림질하면 촉감이 살아납니다.
446,30,DYEING,방석,황토염색 방석,38000,황토염색,RED,BIRTHDAY_60TH,인테리어|선물,False,False,True,False,False,ON_SALE,8,24,9,54.0,전통 황토염색 기법으로 7회 이상 반복 염색해 깊고 고른 색을 완성했습니다. 천연 염료 특성상 세탁 후 색이 조금씩 변하며 깊어집니다.,중성세제로 손세탁하고 비틀어 짜지 마세요. 자연 건조 후 낮은 온도로 다림질하면 촉감이 살아납니다.
447,30,DYEING,손수건,치자염색 손수건,21000,치자염색,BROWN,PARENTS,패션,False,True,False,False,False,ON_SALE,18,26,21,81.0,전통 치자염색 기법으로 5회 이상 반복 염색해 깊고 고른 색을 완성했습니다. 천연 염료 특성상 세탁 후 색이 조금씩 변하며 깊어집니다.,첫 세탁 시 찬물에 소금 한 큰술을 풀어 30분 담근 뒤 세탁하면 색이 오래 유지됩니다. 그늘에서 뒤집어 건조하세요.
448,30,DYEING,스카프,감물염색 스카프,102000,감물염색,WHITE,,실용,False,True,True,False,False,ON_SALE,26,9,24,61.5,자연에서 채취한 감물염색 원료를 달여 만든 염액에 10시간 침지한 뒤 햇볕에 말렸습니다. 방부제·형광증백제 무첨가입니다.,중성세제로 손세탁하고 비틀어 짜지 마세요. 자연 건조 후 낮은 온도로 다림질하면 촉감이 살아납니다.
449,30,DYEING,침구세트,감물염색 침구세트,234000,감물염색,RED,FRIEND,실용|패션,False,False,True,False,False,ON_SALE,18,19,2,32.5,자연에서 채취한 감물염색 원료를 달여 만든 염액에 10시간 침지한 뒤 햇볕에 말렸습니다. 방부제·형광증백제 무첨가입니다.,중성세제로 손세탁하고 비틀어 짜지 마세요. 자연 건조 후 낮은 온도로 다림질하면 촉감이 살아납니다.
450,30,DYEING,머플러,감물염색 머플러,54000,감물염색,BROWN,,실용|인테리어,False,False,True,False,False,ON_SALE,13,38,22,101.0,손으로 직접 매듭을 지어 홀치기 염색한 뒤 한 올씩 펼쳐 건조했습니다. 같은 무늬가 없는 세상에 하나뿐인 작품입니다.,중성세제로 손세탁하고 비틀어 짜지 마세요. 자연 건조 후 낮은 온도로 다림질하면 촉감이 살아납니다.
451,31,DYEING,앞치마,감물염색 앞치마,227000,감물염색,GREEN,,선물,False,True,False,False,False,ON_SALE,12,10,5,25.0,손으로 직접 매듭을 지어 홀치기 염색한 뒤 한 올씩 펼쳐 건조했습니다. 같은 무늬가 없는 세상에 하나뿐인 작품입니다.,중성세제로 손세탁하고 비틀어 짜지 마세요. 자연 건조 후 낮은 온도로 다림질하면 촉감이 살아납니다.
452,31,DYEING,파우치,쪽염색 파우치,144000,쪽염색,WHITE,FRIEND,패션,False,False,False,True,False,ON_SALE,20,9,9,31.5,자연에서 채취한 쪽염색 원료를 달여 만든 염액에 9시간 침지한 뒤 햇볕에 말렸습니다. 방부제·형광증백제 무첨가입니다.,첫 세탁 시 찬물에 소금 한 큰술을 풀어 30분 담근 뒤 세탁하면 색이 오래 유지됩니다. 그늘에서 뒤집어 건조하세요.
453,31,DYEING,보자기,치자염색 보자기,77000,치자염색,GRAY,,패션,False,False,True,False,False,ON_SALE,14,4,2,10.0,손으로 직접 매듭을 지어 홀치기 염색한 뒤 한 올씩 펼쳐 건조했습니다. 같은 무늬가 없는 세상에 하나뿐인 작품입니다.,중성세제로 손세탁하고 비틀어 짜지 마세요. 자연 건조 후 낮은 온도로 다림질하면 촉감이 살아납니다.
454,31,DYEING,테이블러너,치자염색 테이블러너,73000,치자염색,BROWN,BIRTHDAY_60TH,실용|패션,False,False,True,False,False,ON_SALE,3,22,4,41.0,자연에서 채취한 치자염색 원료를 달여 만든 염액에 9시간 침지한 뒤 햇볕에 말렸습니다. 방부제·형광증백제 무첨가입니다.,중성세제로 손세탁하고 비틀어 짜지 마세요. 자연 건조 후 낮은 온도로 다림질하면 촉감이 살아납니다.
455,31,DYEING,이불,감물염색 이불,113000,감물염색,RED,,실용,False,False,False,False,False,ON_SALE,6,24,1,38.0,자연에서 채취한 감물염색 원료를 달여 만든 염액에 5시간 침지한 뒤 햇볕에 말렸습니다. 방부제·형광증백제 무첨가입니다.,중성세제로 손세탁하고 비틀어 짜지 마세요. 자연 건조 후 낮은 온도로 다림질하면 촉감이 살아납니다.
456,31,DYEING,방석,치자염색 방석,168000,치자염색,BLUE,PARENTS,패션,False,False,False,False,False,ON_SALE,2,4,24,54.0,손으로 직접 매듭을 지어 홀치기 염색한 뒤 한 올씩 펼쳐 건조했습니다. 같은 무늬가 없는 세상에 하나뿐인 작품입니다.,첫 세탁 시 찬물에 소금 한 큰술을 풀어 30분 담근 뒤 세탁하면 색이 오래 유지됩니다. 그늘에서 뒤집어 건조하세요.
457,31,DYEING,손수건,쪽염색 손수건,210000,쪽염색,RED,,패션|실용,False,False,False,False,False,ON_SALE,12,16,3,30.0,전통 쪽염색 기법으로 11회 이상 반복 염색해 깊고 고른 색을 완성했습니다. 천연 염료 특성상 세탁 후 색이 조금씩 변하며 깊어집니다.,중성세제로 손세탁하고 비틀어 짜지 마세요. 자연 건조 후 낮은 온도로 다림질하면 촉감이 살아납니다.
458,31,DYEING,스카프,황토염색 스카프,223000,황토염색,BLUE,PARENTS,선물,False,False,False,False,False,ON_SALE,22,30,5,55.0,손으로 직접 매듭을 지어 홀치기 염색한 뒤 한 올씩 펼쳐 건조했습니다. 같은 무늬가 없는 세상에 하나뿐인 작품입니다.,첫 세탁 시 찬물에 소금 한 큰술을 풀어 30분 담근 뒤 세탁하면 색이 오래 유지됩니다. 그늘에서 뒤집어 건조하세요.
459,31,DYEING,침구세트,쪽염색 침구세트,202000,쪽염색,WHITE,,인테리어,False,False,False,False,False,SOLD_OUT,0,42,5,73.0,손으로 직접 매듭을 지어 홀치기 염색한 뒤 한 올씩 펼쳐 건조했습니다. 같은 무늬가 없는 세상에 하나뿐인 작품입니다.,첫 세탁 시 찬물에 소금 한 큰술을 풀어 30분 담근 뒤 세탁하면 색이 오래 유지됩니다. 그늘에서 뒤집어 건조하세요.
460,31,DYEING,머플러,감물염색 머플러,91000,감물염색,BROWN,,실용,False,False,False,False,False,ON_SALE,15,46,5,79.0,손으로 직접 매듭을 지어 홀치기 염색한 뒤 한 올씩 펼쳐 건조했습니다. 같은 무늬가 없는 세상에 하나뿐인 작품입니다.,첫 세탁 시 찬물에 소금 한 큰술을 풀어 30분 담근 뒤 세탁하면 색이 오래 유지됩니다. 그늘에서 뒤집어 건조하세요.
461,31,DYEING,앞치마,홍화염색 앞치마,72000,홍화염색,RED,,선물|패션,False,False,True,False,False,SOLD_OUT,0,1,1,3.5,손으로 직접 매듭을 지어 홀치기 염색한 뒤 한 올씩 펼쳐 건조했습니다. 같은 무늬가 없는 세상에 하나뿐인 작품입니다.,중성세제로 손세탁하고 비틀어 짜지 마세요. 자연 건조 후 낮은 온도로 다림질하면 촉감이 살아납니다.
462,31,DYEING,파우치,쪽염색 파우치,51000,쪽염색,WHITE,,패션|인테리어,False,False,False,False,False,ON_SALE,10,1,0,1.5,손으로 직접 매듭을 지어 홀치기 염색한 뒤 한 올씩 펼쳐 건조했습니다. 같은 무늬가 없는 세상에 하나뿐인 작품입니다.,첫 세탁 시 찬물에 소금 한 큰술을 풀어 30분 담근 뒤 세탁하면 색이 오래 유지됩니다. 그늘에서 뒤집어 건조하세요.
463,31,DYEING,보자기,쪽염색 보자기,178000,쪽염색,GRAY,FRIEND,선물|실용,False,True,False,False,False,ON_SALE,30,23,5,44.5,손으로 직접 매듭을 지어 홀치기 염색한 뒤 한 올씩 펼쳐 건조했습니다. 같은 무늬가 없는 세상에 하나뿐인 작품입니다.,첫 세탁 시 찬물에 소금 한 큰술을 풀어 30분 담근 뒤 세탁하면 색이 오래 유지됩니다. 그늘에서 뒤집어 건조하세요.
464,31,DYEING,테이블러너,쪽염색 테이블러너,179000,쪽염색,GREEN,BIRTHDAY_60TH,인테리어,False,False,False,False,False,ON_SALE,23,0,3,6.0,손으로 직접 매듭을 지어 홀치기 염색한 뒤 한 올씩 펼쳐 건조했습니다. 같은 무늬가 없는 세상에 하나뿐인 작품입니다.,첫 세탁 시 찬물에 소금 한 큰술을 풀어 30분 담근 뒤 세탁하면 색이 오래 유지됩니다. 그늘에서 뒤집어 건조하세요.
465,31,DYEING,이불,황토염색 이불,128000,황토염색,WHITE,,인테리어|패션,True,False,True,False,False,SOLD_OUT,0,3,10,24.5,전통 황토염색 기법으로 12회 이상 반복 염색해 깊고 고른 색을 완성했습니다. 천연 염료 특성상 세탁 후 색이 조금씩 변하며 깊어집니다.,중성세제로 손세탁하고 비틀어 짜지 마세요. 자연 건조 후 낮은 온도로 다림질하면 촉감이 살아납니다.
466,32,DYEING,방석,감물염색 방석,218000,감물염색,BROWN,,패션|인테리어,False,False,False,False,False,ON_SALE,7,18,6,39.0,전통 감물염색 기법으로 5회 이상 반복 염색해 깊고 고른 색을 완성했습니다. 천연 염료 특성상 세탁 후 색이 조금씩 변하며 깊어집니다.,첫 세탁 시 찬물에 소금 한 큰술을 풀어 30분 담근 뒤 세탁하면 색이 오래 유지됩니다. 그늘에서 뒤집어 건조하세요.
467,32,DYEING,손수건,황토염색 손수건,252000,황토염색,GRAY,,실용,False,False,True,False,False,ON_SALE,1,6,15,39.0,전통 황토염색 기법으로 3회 이상 반복 염색해 깊고 고른 색을 완성했습니다. 천연 염료 특성상 세탁 후 색이 조금씩 변하며 깊어집니다.,첫 세탁 시 찬물에 소금 한 큰술을 풀어 30분 담근 뒤 세탁하면 색이 오래 유지됩니다. 그늘에서 뒤집어 건조하세요.
468,32,DYEING,스카프,감물염색 스카프,67000,감물염색,GREEN,FRIEND,패션|선물,True,False,True,False,False,ON_SALE,8,0,2,4.0,자연에서 채취한 감물염색 원료를 달여 만든 염액에 5시간 침지한 뒤 햇볕에 말렸습니다. 방부제·형광증백제 무첨가입니다.,중성세제로 손세탁하고 비틀어 짜지 마세요. 자연 건조 후 낮은 온도로 다림질하면 촉감이 살아납니다.
469,32,DYEING,침구세트,치자염색 침구세트,255000,치자염색,RED,,인테리어|패션,False,True,True,False,False,ON_SALE,1,13,34,87.5,자연에서 채취한 치자염색 원료를 달여 만든 염액에 9시간 침지한 뒤 햇볕에 말렸습니다. 방부제·형광증백제 무첨가입니다.,중성세제로 손세탁하고 비틀어 짜지 마세요. 자연 건조 후 낮은 온도로 다림질하면 촉감이 살아납니다.
470,32,DYEING,머플러,쪽염색 머플러,265000,쪽염색,GRAY,BOSS,인테리어|패션,True,True,False,False,False,ON_SALE,1,7,13,36.5,손으로 직접 매듭을 지어 홀치기 염색한 뒤 한 올씩 펼쳐 건조했습니다. 같은 무늬가 없는 세상에 하나뿐인 작품입니다.,중성세제로 손세탁하고 비틀어 짜지 마세요. 자연 건조 후 낮은 온도로 다림질하면 촉감이 살아납니다.
471,32,DYEING,앞치마,쪽염색 앞치마,124000,쪽염색,GRAY,BOSS,실용,True,False,True,True,False,ON_SALE,3,12,15,48.0,전통 쪽염색 기법으로 12회 이상 반복 염색해 깊고 고른 색을 완성했습니다. 천연 염료 특성상 세탁 후 색이 조금씩 변하며 깊어집니다.,첫 세탁 시 찬물에 소금 한 큰술을 풀어 30분 담근 뒤 세탁하면 색이 오래 유지됩니다. 그늘에서 뒤집어 건조하세요.
472,32,DYEING,파우치,쪽염색 파우치,105000,쪽염색,GRAY,HOUSEWARMING,선물|패션,True,False,False,False,False,ON_SALE,16,17,5,35.5,자연에서 채취한 쪽염색 원료를 달여 만든 염액에 7시간 침지한 뒤 햇볕에 말렸습니다. 방부제·형광증백제 무첨가입니다.,첫 세탁 시 찬물에 소금 한 큰술을 풀어 30분 담근 뒤 세탁하면 색이 오래 유지됩니다. 그늘에서 뒤집어 건조하세요.
473,32,DYEING,보자기,쪽염색 보자기,36000,쪽염색,WHITE,HOUSEWARMING,실용,False,True,True,False,False,ON_SALE,24,14,0,21.0,자연에서 채취한 쪽염색 원료를 달여 만든 염액에 3시간 침지한 뒤 햇볕에 말렸습니다. 방부제·형광증백제 무첨가입니다.,중성세제로 손세탁하고 비틀어 짜지 마세요. 자연 건조 후 낮은 온도로 다림질하면 촉감이 살아납니다.
474,32,DYEING,테이블러너,감물염색 테이블러너,251000,감물염색,WHITE,,인테리어,False,True,True,False,False,ON_SALE,21,3,3,10.5,손으로 직접 매듭을 지어 홀치기 염색한 뒤 한 올씩 펼쳐 건조했습니다. 같은 무늬가 없는 세상에 하나뿐인 작품입니다.,첫 세탁 시 찬물에 소금 한 큰술을 풀어 30분 담근 뒤 세탁하면 색이 오래 유지됩니다. 그늘에서 뒤집어 건조하세요.
475,32,DYEING,이불,감물염색 이불,212000,감물염색,RED,PARENTS,실용,False,False,False,False,False,ON_SALE,30,6,2,13.0,전통 감물염색 기법으로 8회 이상 반복 염색해 깊고 고른 색을 완성했습니다. 천연 염료 특성상 세탁 후 색이 조금씩 변하며 깊어집니다.,중성세제로 손세탁하고 비틀어 짜지 마세요. 자연 건조 후 낮은 온도로 다림질하면 촉감이 살아납니다.
476,32,DYEING,방석,쪽염색 방석,211000,쪽염색,BLUE,BOSS,선물,False,False,False,False,True,ON_SALE,19,30,6,67.0,손으로 직접 매듭을 지어 홀치기 염색한 뒤 한 올씩 펼쳐 건조했습니다. 같은 무늬가 없는 세상에 하나뿐인 작품입니다.,첫 세탁 시 찬물에 소금 한 큰술을 풀어 30분 담근 뒤 세탁하면 색이 오래 유지됩니다. 그늘에서 뒤집어 건조하세요.
477,32,DYEING,손수건,쪽염색 손수건,110000,쪽염색,RED,BOSS,패션|실용,False,False,False,False,False,ON_SALE,9,0,10,20.0,자연에서 채취한 쪽염색 원료를 달여 만든 염액에 8시간 침지한 뒤 햇볕에 말렸습니다. 방부제·형광증백제 무첨가입니다.,첫 세탁 시 찬물에 소금 한 큰술을 풀어 30분 담근 뒤 세탁하면 색이 오래 유지됩니다. 그늘에서 뒤집어 건조하세요.
478,32,DYEING,스카프,치자염색 스카프,242000,치자염색,GREEN,HOUSEWARMING,패션|인테리어,False,False,False,False,False,ON_SALE,28,1,2,5.5,자연에서 채취한 치자염색 원료를 달여 만든 염액에 10시간 침지한 뒤 햇볕에 말렸습니다. 방부제·형광증백제 무첨가입니다.,첫 세탁 시 찬물에 소금 한 큰술을 풀어 30분 담근 뒤 세탁하면 색이 오래 유지됩니다. 그늘에서 뒤집어 건조하세요.
479,32,DYEING,침구세트,쪽염색 침구세트,102000,쪽염색,BLUE,HOUSEWARMING,선물,False,False,False,False,False,ON_SALE,24,2,5,13.0,손으로 직접 매듭을 지어 홀치기 염색한 뒤 한 올씩 펼쳐 건조했습니다. 같은 무늬가 없는 세상에 하나뿐인 작품입니다.,첫 세탁 시 찬물에 소금 한 큰술을 풀어 30분 담근 뒤 세탁하면 색이 오래 유지됩니다. 그늘에서 뒤집어 건조하세요.
480,32,DYEING,머플러,감물염색 머플러,21000,감물염색,BLUE,FRIEND,인테리어|선물,False,False,False,False,False,ON_SALE,3,6,1,11.0,자연에서 채취한 감물염색 원료를 달여 만든 염액에 12시간 침지한 뒤 햇볕에 말렸습니다. 방부제·형광증백제 무첨가입니다.,첫 세탁 시 찬물에 소금 한 큰술을 풀어 30분 담근 뒤 세탁하면 색이 오래 유지됩니다. 그늘에서 뒤집어 건조하세요.
481,33,DYEING,앞치마,감물염색 앞치마,209000,감물염색,GREEN,BIRTHDAY_60TH,인테리어,False,False,False,False,False,ON_SALE,1,20,6,42.0,전통 감물염색 기법으로 9회 이상 반복 염색해 깊고 고른 색을 완성했습니다. 천연 염료 특성상 세탁 후 색이 조금씩 변하며 깊어집니다.,중성세제로 손세탁하고 비틀어 짜지 마세요. 자연 건조 후 낮은 온도로 다림질하면 촉감이 살아납니다.
482,33,DYEING,파우치,치자염색 파우치,47000,치자염색,BLUE,,선물|인테리어,False,False,True,False,False,ON_SALE,4,8,1,14.0,손으로 직접 매듭을 지어 홀치기 염색한 뒤 한 올씩 펼쳐 건조했습니다. 같은 무늬가 없는 세상에 하나뿐인 작품입니다.,첫 세탁 시 찬물에 소금 한 큰술을 풀어 30분 담근 뒤 세탁하면 색이 오래 유지됩니다. 그늘에서 뒤집어 건조하세요.
483,33,DYEING,보자기,감물염색 보자기,97000,감물염색,BLUE,,실용|패션,False,False,False,False,False,HIDDEN,4,2,3,9.0,자연에서 채취한 감물염색 원료를 달여 만든 염액에 10시간 침지한 뒤 햇볕에 말렸습니다. 방부제·형광증백제 무첨가입니다.,첫 세탁 시 찬물에 소금 한 큰술을 풀어 30분 담근 뒤 세탁하면 색이 오래 유지됩니다. 그늘에서 뒤집어 건조하세요.
484,33,DYEING,테이블러너,황토염색 테이블러너,115000,황토염색,WHITE,,선물|패션,False,False,True,False,False,SOLD_OUT,0,61,1,93.5,자연에서 채취한 황토염색 원료를 달여 만든 염액에 6시간 침지한 뒤 햇볕에 말렸습니다. 방부제·형광증백제 무첨가입니다.,중성세제로 손세탁하고 비틀어 짜지 마세요. 자연 건조 후 낮은 온도로 다림질하면 촉감이 살아납니다.
485,33,DYEING,이불,홍화염색 이불,85000,홍화염색,BROWN,FRIEND,선물,True,False,True,False,True,ON_SALE,14,56,10,114.0,자연에서 채취한 홍화염색 원료를 달여 만든 염액에 9시간 침지한 뒤 햇볕에 말렸습니다. 방부제·형광증백제 무첨가입니다.,중성세제로 손세탁하고 비틀어 짜지 마세요. 자연 건조 후 낮은 온도로 다림질하면 촉감이 살아납니다.
486,33,DYEING,방석,황토염색 방석,237000,황토염색,BROWN,BOSS,실용,False,False,False,False,False,ON_SALE,7,9,12,37.5,전통 황토염색 기법으로 10회 이상 반복 염색해 깊고 고른 색을 완성했습니다. 천연 염료 특성상 세탁 후 색이 조금씩 변하며 깊어집니다.,첫 세탁 시 찬물에 소금 한 큰술을 풀어 30분 담근 뒤 세탁하면 색이 오래 유지됩니다. 그늘에서 뒤집어 건조하세요.
487,33,DYEING,손수건,홍화염색 손수건,79000,홍화염색,GRAY,FRIEND,패션,False,True,True,True,False,ON_SALE,13,7,2,14.5,손으로 직접 매듭을 지어 홀치기 염색한 뒤 한 올씩 펼쳐 건조했습니다. 같은 무늬가 없는 세상에 하나뿐인 작품입니다.,첫 세탁 시 찬물에 소금 한 큰술을 풀어 30분 담근 뒤 세탁하면 색이 오래 유지됩니다. 그늘에서 뒤집어 건조하세요.
488,33,DYEING,스카프,홍화염색 스카프,49000,홍화염색,BROWN,PARENTS,선물|실용,False,False,False,False,False,ON_SALE,2,0,8,16.0,자연에서 채취한 홍화염색 원료를 달여 만든 염액에 9시간 침지한 뒤 햇볕에 말렸습니다. 방부제·형광증백제 무첨가입니다.,첫 세탁 시 찬물에 소금 한 큰술을 풀어 30분 담근 뒤 세탁하면 색이 오래 유지됩니다. 그늘에서 뒤집어 건조하세요.
489,33,DYEING,침구세트,황토염색 침구세트,238000,황토염색,GREEN,,인테리어,False,False,True,True,False,ON_SALE,11,6,13,35.0,손으로 직접 매듭을 지어 홀치기 염색한 뒤 한 올씩 펼쳐 건조했습니다. 같은 무늬가 없는 세상에 하나뿐인 작품입니다.,중성세제로 손세탁하고 비틀어 짜지 마세요. 자연 건조 후 낮은 온도로 다림질하면 촉감이 살아납니다.
490,33,DYEING,머플러,홍화염색 머플러,214000,홍화염색,WHITE,BOSS,선물,False,False,True,False,False,ON_SALE,7,18,20,67.0,전통 홍화염색 기법으로 7회 이상 반복 염색해 깊고 고른 색을 완성했습니다. 천연 염료 특성상 세탁 후 색이 조금씩 변하며 깊어집니다.,중성세제로 손세탁하고 비틀어 짜지 마세요. 자연 건조 후 낮은 온도로 다림질하면 촉감이 살아납니다.
491,33,DYEING,앞치마,황토염색 앞치마,96000,황토염색,WHITE,BIRTHDAY_60TH,실용,False,False,False,False,False,ON_SALE,12,33,4,57.5,손으로 직접 매듭을 지어 홀치기 염색한 뒤 한 올씩 펼쳐 건조했습니다. 같은 무늬가 없는 세상에 하나뿐인 작품입니다.,첫 세탁 시 찬물에 소금 한 큰술을 풀어 30분 담근 뒤 세탁하면 색이 오래 유지됩니다. 그늘에서 뒤집어 건조하세요.
492,33,DYEING,파우치,감물염색 파우치,275000,감물염색,BLUE,HOUSEWARMING,실용,False,True,True,False,False,ON_SALE,24,25,5,47.5,손으로 직접 매듭을 지어 홀치기 염색한 뒤 한 올씩 펼쳐 건조했습니다. 같은 무늬가 없는 세상에 하나뿐인 작품입니다.,첫 세탁 시 찬물에 소금 한 큰술을 풀어 30분 담근 뒤 세탁하면 색이 오래 유지됩니다. 그늘에서 뒤집어 건조하세요.
493,33,DYEING,보자기,홍화염색 보자기,217000,홍화염색,GREEN,BOSS,인테리어|선물,True,False,False,True,False,ON_SALE,17,18,5,37.0,자연에서 채취한 홍화염색 원료를 달여 만든 염액에 11시간 침지한 뒤 햇볕에 말렸습니다. 방부제·형광증백제 무첨가입니다.,첫 세탁 시 찬물에 소금 한 큰술을 풀어 30분 담근 뒤 세탁하면 색이 오래 유지됩니다. 그늘에서 뒤집어 건조하세요.
494,33,DYEING,테이블러너,황토염색 테이블러너,105000,황토염색,WHITE,BIRTHDAY_60TH,선물,False,False,False,False,False,ON_SALE,2,15,2,26.5,전통 황토염색 기법으로 7회 이상 반복 염색해 깊고 고른 색을 완성했습니다. 천연 염료 특성상 세탁 후 색이 조금씩 변하며 깊어집니다.,첫 세탁 시 찬물에 소금 한 큰술을 풀어 30분 담근 뒤 세탁하면 색이 오래 유지됩니다. 그늘에서 뒤집어 건조하세요.
495,33,DYEING,이불,쪽염색 이불,184000,쪽염색,WHITE,BOSS,인테리어,False,False,True,True,False,ON_SALE,8,19,2,32.5,자연에서 채취한 쪽염색 원료를 달여 만든 염액에 8시간 침지한 뒤 햇볕에 말렸습니다. 방부제·형광증백제 무첨가입니다.,첫 세탁 시 찬물에 소금 한 큰술을 풀어 30분 담근 뒤 세탁하면 색이 오래 유지됩니다. 그늘에서 뒤집어 건조하세요.
496,34,DYEING,방석,치자염색 방석,213000,치자염색,WHITE,BIRTHDAY_60TH,실용|패션,False,True,False,False,False,ON_SALE,24,19,3,34.5,자연에서 채취한 치자염색 원료를 달여 만든 염액에 12시간 침지한 뒤 햇볕에 말렸습니다. 방부제·형광증백제 무첨가입니다.,첫 세탁 시 찬물에 소금 한 큰술을 풀어 30분 담근 뒤 세탁하면 색이 오래 유지됩니다. 그늘에서 뒤집어 건조하세요.
497,34,DYEING,손수건,감물염색 손수건,108000,감물염색,RED,BOSS,패션,False,True,True,False,False,ON_SALE,3,2,4,11.0,자연에서 채취한 감물염색 원료를 달여 만든 염액에 10시간 침지한 뒤 햇볕에 말렸습니다. 방부제·형광증백제 무첨가입니다.,중성세제로 손세탁하고 비틀어 짜지 마세요. 자연 건조 후 낮은 온도로 다림질하면 촉감이 살아납니다.
498,34,DYEING,스카프,쪽염색 스카프,24000,쪽염색,WHITE,,패션,True,False,False,False,True,ON_SALE,3,4,22,60.0,손으로 직접 매듭을 지어 홀치기 염색한 뒤 한 올씩 펼쳐 건조했습니다. 같은 무늬가 없는 세상에 하나뿐인 작품입니다.,첫 세탁 시 찬물에 소금 한 큰술을 풀어 30분 담근 뒤 세탁하면 색이 오래 유지됩니다. 그늘에서 뒤집어 건조하세요.
499,34,DYEING,침구세트,쪽염색 침구세트,61000,쪽염색,BLUE,,실용,False,False,False,False,False,ON_SALE,18,17,7,39.5,전통 쪽염색 기법으로 11회 이상 반복 염색해 깊고 고른 색을 완성했습니다. 천연 염료 특성상 세탁 후 색이 조금씩 변하며 깊어집니다.,첫 세탁 시 찬물에 소금 한 큰술을 풀어 30분 담근 뒤 세탁하면 색이 오래 유지됩니다. 그늘에서 뒤집어 건조하세요.
500,34,DYEING,머플러,쪽염색 머플러,70000,쪽염색,BLUE,BIRTHDAY_60TH,실용|선물,True,False,True,False,False,ON_SALE,13,17,10,45.5,전통 쪽염색 기법으로 11회 이상 반복 염색해 깊고 고른 색을 완성했습니다. 천연 염료 특성상 세탁 후 색이 조금씩 변하며 깊어집니다.,중성세제로 손세탁하고 비틀어 짜지 마세요. 자연 건조 후 낮은 온도로 다림질하면 촉감이 살아납니다.
501,34,DYEING,앞치마,홍화염색 앞치마,162000,홍화염색,BLUE,,선물|인테리어,True,False,False,False,False,ON_SALE,17,6,1,11.0,자연에서 채취한 홍화염색 원료를 달여 만든 염액에 6시간 침지한 뒤 햇볕에 말렸습니다. 방부제·형광증백제 무첨가입니다.,첫 세탁 시 찬물에 소금 한 큰술을 풀어 30분 담근 뒤 세탁하면 색이 오래 유지됩니다. 그늘에서 뒤집어 건조하세요.
502,34,DYEING,파우치,황토염색 파우치,71000,황토염색,GRAY,,패션|인테리어,False,False,False,True,True,SOLD_OUT,0,2,8,29.0,자연에서 채취한 황토염색 원료를 달여 만든 염액에 7시간 침지한 뒤 햇볕에 말렸습니다. 방부제·형광증백제 무첨가입니다.,첫 세탁 시 찬물에 소금 한 큰술을 풀어 30분 담근 뒤 세탁하면 색이 오래 유지됩니다. 그늘에서 뒤집어 건조하세요.
503,34,DYEING,보자기,감물염색 보자기,75000,감물염색,GREEN,PARENTS,인테리어|선물,False,True,False,False,False,ON_SALE,14,13,8,35.5,전통 감물염색 기법으로 10회 이상 반복 염색해 깊고 고른 색을 완성했습니다. 천연 염료 특성상 세탁 후 색이 조금씩 변하며 깊어집니다.,첫 세탁 시 찬물에 소금 한 큰술을 풀어 30분 담근 뒤 세탁하면 색이 오래 유지됩니다. 그늘에서 뒤집어 건조하세요.
504,34,DYEING,테이블러너,감물염색 테이블러너,270000,감물염색,GREEN,PARENTS,패션,False,False,False,False,False,ON_SALE,8,6,1,11.0,전통 감물염색 기법으로 11회 이상 반복 염색해 깊고 고른 색을 완성했습니다. 천연 염료 특성상 세탁 후 색이 조금씩 변하며 깊어집니다.,중성세제로 손세탁하고 비틀어 짜지 마세요. 자연 건조 후 낮은 온도로 다림질하면 촉감이 살아납니다.
505,34,DYEING,이불,치자염색 이불,48000,치자염색,GREEN,HOUSEWARMING,인테리어|선물,False,False,False,False,False,ON_SALE,8,0,1,2.0,손으로 직접 매듭을 지어 홀치기 염색한 뒤 한 올씩 펼쳐 건조했습니다. 같은 무늬가 없는 세상에 하나뿐인 작품입니다.,첫 세탁 시 찬물에 소금 한 큰술을 풀어 30분 담근 뒤 세탁하면 색이 오래 유지됩니다. 그늘에서 뒤집어 건조하세요.
506,34,DYEING,방석,감물염색 방석,208000,감물염색,WHITE,PARENTS,선물,False,False,True,False,False,ON_SALE,1,12,13,44.0,전통 감물염색 기법으로 3회 이상 반복 염색해 깊고 고른 색을 완성했습니다. 천연 염료 특성상 세탁 후 색이 조금씩 변하며 깊어집니다.,첫 세탁 시 찬물에 소금 한 큰술을 풀어 30분 담근 뒤 세탁하면 색이 오래 유지됩니다. 그늘에서 뒤집어 건조하세요.
507,34,DYEING,손수건,감물염색 손수건,258000,감물염색,WHITE,FRIEND,인테리어|실용,False,True,False,True,False,ON_SALE,1,7,4,18.5,자연에서 채취한 감물염색 원료를 달여 만든 염액에 5시간 침지한 뒤 햇볕에 말렸습니다. 방부제·형광증백제 무첨가입니다.,중성세제로 손세탁하고 비틀어 짜지 마세요. 자연 건조 후 낮은 온도로 다림질하면 촉감이 살아납니다.
508,34,DYEING,스카프,치자염색 스카프,234000,치자염색,GRAY,PARENTS,인테리어,False,False,True,False,False,ON_SALE,6,25,29,95.5,손으로 직접 매듭을 지어 홀치기 염색한 뒤 한 올씩 펼쳐 건조했습니다. 같은 무늬가 없는 세상에 하나뿐인 작품입니다.,첫 세탁 시 찬물에 소금 한 큰술을 풀어 30분 담근 뒤 세탁하면 색이 오래 유지됩니다. 그늘에서 뒤집어 건조하세요.
509,34,DYEING,침구세트,감물염색 침구세트,212000,감물염색,GREEN,,선물,False,True,True,True,False,ON_SALE,1,4,1,8.0,전통 감물염색 기법으로 8회 이상 반복 염색해 깊고 고른 색을 완성했습니다. 천연 염료 특성상 세탁 후 색이 조금씩 변하며 깊어집니다.,첫 세탁 시 찬물에 소금 한 큰술을 풀어 30분 담근 뒤 세탁하면 색이 오래 유지됩니다. 그늘에서 뒤집어 건조하세요.
510,34,DYEING,머플러,홍화염색 머플러,114000,홍화염색,GRAY,BIRTHDAY_60TH,선물,False,False,False,False,False,ON_SALE,11,1,2,5.5,자연에서 채취한 홍화염색 원료를 달여 만든 염액에 3시간 침지한 뒤 햇볕에 말렸습니다. 방부제·형광증백제 무첨가입니다.,중성세제로 손세탁하고 비틀어 짜지 마세요. 자연 건조 후 낮은 온도로 다림질하면 촉감이 살아납니다.
511,35,DYEING,앞치마,감물염색 앞치마,218000,감물염색,GRAY,PARENTS,실용|인테리어,False,False,False,False,False,ON_SALE,26,7,7,24.5,전통 감물염색 기법으로 6회 이상 반복 염색해 깊고 고른 색을 완성했습니다. 천연 염료 특성상 세탁 후 색이 조금씩 변하며 깊어집니다.,중성세제로 손세탁하고 비틀어 짜지 마세요. 자연 건조 후 낮은 온도로 다림질하면 촉감이 살아납니다.
512,35,DYEING,파우치,홍화염색 파우치,65000,홍화염색,RED,BOSS,실용,False,True,False,False,False,ON_SALE,30,21,4,39.5,전통 홍화염색 기법으로 10회 이상 반복 염색해 깊고 고른 색을 완성했습니다. 천연 염료 특성상 세탁 후 색이 조금씩 변하며 깊어집니다.,중성세제로 손세탁하고 비틀어 짜지 마세요. 자연 건조 후 낮은 온도로 다림질하면 촉감이 살아납니다.
513,35,DYEING,보자기,황토염색 보자기,38000,황토염색,BROWN,PARENTS,실용|선물,False,False,False,True,True,ON_SALE,10,11,27,80.5,전통 황토염색 기법으로 12회 이상 반복 염색해 깊고 고른 색을 완성했습니다. 천연 염료 특성상 세탁 후 색이 조금씩 변하며 깊어집니다.,중성세제로 손세탁하고 비틀어 짜지 마세요. 자연 건조 후 낮은 온도로 다림질하면 촉감이 살아납니다.
514,35,DYEING,테이블러너,쪽염색 테이블러너,169000,쪽염색,GREEN,HOUSEWARMING,선물,False,False,True,False,False,HIDDEN,3,21,4,39.5,전통 쪽염색 기법으로 8회 이상 반복 염색해 깊고 고른 색을 완성했습니다. 천연 염료 특성상 세탁 후 색이 조금씩 변하며 깊어집니다.,첫 세탁 시 찬물에 소금 한 큰술을 풀어 30분 담근 뒤 세탁하면 색이 오래 유지됩니다. 그늘에서 뒤집어 건조하세요.
515,35,DYEING,이불,치자염색 이불,164000,치자염색,GREEN,BOSS,패션|인테리어,False,False,False,False,True,ON_SALE,15,4,16,48.0,손으로 직접 매듭을 지어 홀치기 염색한 뒤 한 올씩 펼쳐 건조했습니다. 같은 무늬가 없는 세상에 하나뿐인 작품입니다.,첫 세탁 시 찬물에 소금 한 큰술을 풀어 30분 담근 뒤 세탁하면 색이 오래 유지됩니다. 그늘에서 뒤집어 건조하세요.
516,35,DYEING,방석,치자염색 방석,22000,치자염색,WHITE,HOUSEWARMING,선물,False,False,False,False,False,ON_SALE,12,9,8,29.5,자연에서 채취한 치자염색 원료를 달여 만든 염액에 3시간 침지한 뒤 햇볕에 말렸습니다. 방부제·형광증백제 무첨가입니다.,첫 세탁 시 찬물에 소금 한 큰술을 풀어 30분 담근 뒤 세탁하면 색이 오래 유지됩니다. 그늘에서 뒤집어 건조하세요.
517,35,DYEING,손수건,쪽염색 손수건,239000,쪽염색,RED,,패션,True,False,False,False,False,ON_SALE,15,0,1,2.0,자연에서 채취한 쪽염색 원료를 달여 만든 염액에 4시간 침지한 뒤 햇볕에 말렸습니다. 방부제·형광증백제 무첨가입니다.,첫 세탁 시 찬물에 소금 한 큰술을 풀어 30분 담근 뒤 세탁하면 색이 오래 유지됩니다. 그늘에서 뒤집어 건조하세요.
518,35,DYEING,스카프,홍화염색 스카프,212000,홍화염색,BROWN,,인테리어,False,True,True,True,False,ON_SALE,9,15,0,22.5,전통 홍화염색 기법으로 12회 이상 반복 염색해 깊고 고른 색을 완성했습니다. 천연 염료 특성상 세탁 후 색이 조금씩 변하며 깊어집니다.,중성세제로 손세탁하고 비틀어 짜지 마세요. 자연 건조 후 낮은 온도로 다림질하면 촉감이 살아납니다.
519,35,DYEING,침구세트,감물염색 침구세트,232000,감물염색,BLUE,BOSS,인테리어,False,True,False,False,False,ON_SALE,12,42,5,73.0,손으로 직접 매듭을 지어 홀치기 염색한 뒤 한 올씩 펼쳐 건조했습니다. 같은 무늬가 없는 세상에 하나뿐인 작품입니다.,첫 세탁 시 찬물에 소금 한 큰술을 풀어 30분 담근 뒤 세탁하면 색이 오래 유지됩니다. 그늘에서 뒤집어 건조하세요.
520,35,DYEING,머플러,감물염색 머플러,23000,감물염색,BROWN,BOSS,선물,False,False,False,False,False,ON_SALE,5,34,21,93.0,자연에서 채취한 감물염색 원료를 달여 만든 염액에 12시간 침지한 뒤 햇볕에 말렸습니다. 방부제·형광증백제 무첨가입니다.,중성세제로 손세탁하고 비틀어 짜지 마세요. 자연 건조 후 낮은 온도로 다림질하면 촉감이 살아납니다.
521,35,DYEING,앞치마,쪽염색 앞치마,19000,쪽염색,WHITE,,실용|인테리어,False,False,True,False,False,ON_SALE,25,2,3,9.0,자연에서 채취한 쪽염색 원료를 달여 만든 염액에 9시간 침지한 뒤 햇볕에 말렸습니다. 방부제·형광증백제 무첨가입니다.,첫 세탁 시 찬물에 소금 한 큰술을 풀어 30분 담근 뒤 세탁하면 색이 오래 유지됩니다. 그늘에서 뒤집어 건조하세요.
522,35,DYEING,파우치,홍화염색 파우치,207000,홍화염색,WHITE,HOUSEWARMING,선물|실용,False,False,False,False,False,ON_SALE,12,26,4,47.0,자연에서 채취한 홍화염색 원료를 달여 만든 염액에 12시간 침지한 뒤 햇볕에 말렸습니다. 방부제·형광증백제 무첨가입니다.,첫 세탁 시 찬물에 소금 한 큰술을 풀어 30분 담근 뒤 세탁하면 색이 오래 유지됩니다. 그늘에서 뒤집어 건조하세요.
523,35,DYEING,보자기,홍화염색 보자기,108000,홍화염색,GREEN,,패션,False,False,False,False,False,SOLD_OUT,0,35,0,52.5,전통 홍화염색 기법으로 9회 이상 반복 염색해 깊고 고른 색을 완성했습니다. 천연 염료 특성상 세탁 후 색이 조금씩 변하며 깊어집니다.,첫 세탁 시 찬물에 소금 한 큰술을 풀어 30분 담근 뒤 세탁하면 색이 오래 유지됩니다. 그늘에서 뒤집어 건조하세요.
524,35,DYEING,테이블러너,쪽염색 테이블러너,71000,쪽염색,WHITE,,선물|인테리어,False,False,False,False,False,ON_SALE,18,7,1,12.5,자연에서 채취한 쪽염색 원료를 달여 만든 염액에 3시간 침지한 뒤 햇볕에 말렸습니다. 방부제·형광증백제 무첨가입니다.,첫 세탁 시 찬물에 소금 한 큰술을 풀어 30분 담근 뒤 세탁하면 색이 오래 유지됩니다. 그늘에서 뒤집어 건조하세요.
525,35,DYEING,이불,황토염색 이불,21000,황토염색,GREEN,HOUSEWARMING,실용|인테리어,False,False,True,False,False,ON_SALE,1,34,4,59.0,전통 황토염색 기법으로 9회 이상 반복 염색해 깊고 고른 색을 완성했습니다. 천연 염료 특성상 세탁 후 색이 조금씩 변하며 깊어집니다.,첫 세탁 시 찬물에 소금 한 큰술을 풀어 30분 담근 뒤 세탁하면 색이 오래 유지됩니다. 그늘에서 뒤집어 건조하세요.
526,36,WOOD,서랍장,소나무 서랍장,378000,소나무,GRAY,PARENTS,수집,False,False,False,False,True,SOLD_OUT,0,8,22,66.0,"선조들이 사용하던 전통 소목(小木) 기법으로, 소나무 원목을 손대패로 다듬어 끌과 정으로 장부 짜임을 맞춰 완성했습니다.",직사광선을 피하고 가습기 등으로 습도를 40~60%로 유지하세요. 표면은 마른 천으로 닦고 1년에 한 번 목재 오일을 얇게 발라 주세요.
527,36,WOOD,문갑,전통옻칠 문갑,482000,전통옻칠,GRAY,CORPORATE,인테리어,False,False,False,False,False,ON_SALE,18,2,3,9.0,3년 이상 자연 건조한 전통옻칠 원목을 전통 짜임 기법으로 조립했습니다. 못을 일절 사용하지 않아 목재 본연의 숨결이 살아 있습니다.,직사광선을 피하고 가습기 등으로 습도를 40~60%로 유지하세요. 표면은 마른 천으로 닦고 1년에 한 번 목재 오일을 얇게 발라 주세요.
528,36,WOOD,반닫이,느티나무 반닫이,63000,느티나무,GRAY,HOUSEWARMING,수집,False,True,False,False,False,ON_SALE,29,3,1,6.5,3년 이상 자연 건조한 느티나무 원목을 전통 짜임 기법으로 조립했습니다. 못을 일절 사용하지 않아 목재 본연의 숨결이 살아 있습니다.,물에 오래 담그지 마세요. 옻칠 제품은 열·화학약품에 강하지만 딱딱한 표면으로 긁지 않도록 주의하세요.
529,36,WOOD,트레이,참나무 트레이,119000,참나무,WHITE,BOSS,인테리어,True,False,True,False,False,ON_SALE,3,10,3,21.0,3년 이상 자연 건조한 참나무 원목을 전통 짜임 기법으로 조립했습니다. 못을 일절 사용하지 않아 목재 본연의 숨결이 살아 있습니다.,물에 오래 담그지 마세요. 옻칠 제품은 열·화학약품에 강하지만 딱딱한 표면으로 긁지 않도록 주의하세요.
530,36,WOOD,소반,느티나무 소반,110000,느티나무,GRAY,,인테리어|수집,False,False,False,False,False,ON_SALE,6,16,7,38.0,3년 이상 자연 건조한 느티나무 원목을 전통 짜임 기법으로 조립했습니다. 못을 일절 사용하지 않아 목재 본연의 숨결이 살아 있습니다.,직사광선을 피하고 가습기 등으로 습도를 40~60%로 유지하세요. 표면은 마른 천으로 닦고 1년에 한 번 목재 오일을 얇게 발라 주세요.
531,36,WOOD,책상,참나무 책상,197000,참나무,GRAY,HOUSEWARMING,인테리어|수집,False,False,False,False,False,SOLD_OUT,0,0,1,2.0,3년 이상 자연 건조한 참나무 원목을 전통 짜임 기법으로 조립했습니다. 못을 일절 사용하지 않아 목재 본연의 숨결이 살아 있습니다.,직사광선을 피하고 가습기 등으로 습도를 40~60%로 유지하세요. 표면은 마른 천으로 닦고 1년에 한 번 목재 오일을 얇게 발라 주세요.
532,36,WOOD,도마,참나무 도마,129000,참나무,GRAY,,선물|실용,False,False,False,False,False,ON_SALE,23,4,3,12.0,참나무을 사용해 손으로 형태를 깎고 전통 옻칠을 11회 올렸습니다. 시간이 지날수록 색이 깊어지고 내구성이 높아집니다.,물에 오래 담그지 마세요. 옻칠 제품은 열·화학약품에 강하지만 딱딱한 표면으로 긁지 않도록 주의하세요.
533,36,WOOD,의자,소나무 의자,939000,소나무,BROWN,,수집|선물,False,False,False,False,False,ON_SALE,21,25,4,45.5,3년 이상 자연 건조한 소나무 원목을 전통 짜임 기법으로 조립했습니다. 못을 일절 사용하지 않아 목재 본연의 숨결이 살아 있습니다.,물에 오래 담그지 마세요. 옻칠 제품은 열·화학약품에 강하지만 딱딱한 표면으로 긁지 않도록 주의하세요.
534,36,WOOD,나무필통,오동나무 나무필통,442000,오동나무,GRAY,CORPORATE,인테리어,False,False,True,False,False,ON_SALE,5,22,1,35.0,"선조들이 사용하던 전통 소목(小木) 기법으로, 오동나무 원목을 손대패로 다듬어 끌과 정으로 장부 짜임을 맞춰 완성했습니다.",직사광선을 피하고 가습기 등으로 습도를 40~60%로 유지하세요. 표면은 마른 천으로 닦고 1년에 한 번 목재 오일을 얇게 발라 주세요.
535,36,WOOD,나무화병,참나무 나무화병,955000,참나무,BROWN,,인테리어,False,True,True,False,False,SOLD_OUT,0,24,8,52.0,참나무을 사용해 손으로 형태를 깎고 전통 옻칠을 15회 올렸습니다. 시간이 지날수록 색이 깊어지고 내구성이 높아집니다.,물에 오래 담그지 마세요. 옻칠 제품은 열·화학약품에 강하지만 딱딱한 표면으로 긁지 않도록 주의하세요.
536,36,WOOD,서랍장,전통옻칠 서랍장,236000,전통옻칠,GRAY,,수집,True,False,True,False,False,ON_SALE,8,12,2,22.0,전통옻칠을 사용해 손으로 형태를 깎고 전통 옻칠을 11회 올렸습니다. 시간이 지날수록 색이 깊어지고 내구성이 높아집니다.,직사광선을 피하고 가습기 등으로 습도를 40~60%로 유지하세요. 표면은 마른 천으로 닦고 1년에 한 번 목재 오일을 얇게 발라 주세요.
537,36,WOOD,문갑,전통옻칠 문갑,72000,전통옻칠,GRAY,HOUSEWARMING,선물,True,True,False,False,False,ON_SALE,13,1,11,23.5,"선조들이 사용하던 전통 소목(小木) 기법으로, 전통옻칠 원목을 손대패로 다듬어 끌과 정으로 장부 짜임을 맞춰 완성했습니다.",직사광선을 피하고 가습기 등으로 습도를 40~60%로 유지하세요. 표면은 마른 천으로 닦고 1년에 한 번 목재 오일을 얇게 발라 주세요.
538,36,WOOD,반닫이,전통옻칠 반닫이,904000,전통옻칠,GRAY,BOSS,선물,True,True,True,False,False,ON_SALE,14,3,0,4.5,전통옻칠을 사용해 손으로 형태를 깎고 전통 옻칠을 20회 올렸습니다. 시간이 지날수록 색이 깊어지고 내구성이 높아집니다.,물에 오래 담그지 마세요. 옻칠 제품은 열·화학약품에 강하지만 딱딱한 표면으로 긁지 않도록 주의하세요.
539,36,WOOD,트레이,오동나무 트레이,939000,오동나무,BROWN,HOUSEWARMING,인테리어,False,True,True,False,False,ON_SALE,6,38,7,71.0,3년 이상 자연 건조한 오동나무 원목을 전통 짜임 기법으로 조립했습니다. 못을 일절 사용하지 않아 목재 본연의 숨결이 살아 있습니다.,직사광선을 피하고 가습기 등으로 습도를 40~60%로 유지하세요. 표면은 마른 천으로 닦고 1년에 한 번 목재 오일을 얇게 발라 주세요.
540,36,WOOD,소반,참나무 소반,687000,참나무,BROWN,PARENTS,인테리어|선물,False,False,False,False,False,ON_SALE,9,21,9,49.5,"선조들이 사용하던 전통 소목(小木) 기법으로, 참나무 원목을 손대패로 다듬어 끌과 정으로 장부 짜임을 맞춰 완성했습니다.",직사광선을 피하고 가습기 등으로 습도를 40~60%로 유지하세요. 표면은 마른 천으로 닦고 1년에 한 번 목재 오일을 얇게 발라 주세요.
541,37,WOOD,책상,소나무 책상,541000,소나무,WHITE,HOUSEWARMING,실용,False,False,False,False,False,ON_SALE,25,11,15,46.5,"선조들이 사용하던 전통 소목(小木) 기법으로, 소나무 원목을 손대패로 다듬어 끌과 정으로 장부 짜임을 맞춰 완성했습니다.",물에 오래 담그지 마세요. 옻칠 제품은 열·화학약품에 강하지만 딱딱한 표면으로 긁지 않도록 주의하세요.
542,37,WOOD,도마,소나무 도마,259000,소나무,WHITE,PARENTS,수집|실용,False,True,True,False,False,ON_SALE,21,1,4,9.5,3년 이상 자연 건조한 소나무 원목을 전통 짜임 기법으로 조립했습니다. 못을 일절 사용하지 않아 목재 본연의 숨결이 살아 있습니다.,직사광선을 피하고 가습기 등으로 습도를 40~60%로 유지하세요. 표면은 마른 천으로 닦고 1년에 한 번 목재 오일을 얇게 발라 주세요.
543,37,WOOD,의자,소나무 의자,308000,소나무,BROWN,,수집,False,True,False,False,False,ON_SALE,14,10,0,15.0,"선조들이 사용하던 전통 소목(小木) 기법으로, 소나무 원목을 손대패로 다듬어 끌과 정으로 장부 짜임을 맞춰 완성했습니다.",물에 오래 담그지 마세요. 옻칠 제품은 열·화학약품에 강하지만 딱딱한 표면으로 긁지 않도록 주의하세요.
544,37,WOOD,나무필통,느티나무 나무필통,233000,느티나무,BROWN,CORPORATE,실용|수집,False,False,False,False,False,ON_SALE,4,3,0,4.5,3년 이상 자연 건조한 느티나무 원목을 전통 짜임 기법으로 조립했습니다. 못을 일절 사용하지 않아 목재 본연의 숨결이 살아 있습니다.,물에 오래 담그지 마세요. 옻칠 제품은 열·화학약품에 강하지만 딱딱한 표면으로 긁지 않도록 주의하세요.
545,37,WOOD,나무화병,소나무 나무화병,317000,소나무,BROWN,,수집,False,True,False,False,False,ON_SALE,7,6,2,13.0,소나무을 사용해 손으로 형태를 깎고 전통 옻칠을 8회 올렸습니다. 시간이 지날수록 색이 깊어지고 내구성이 높아집니다.,물에 오래 담그지 마세요. 옻칠 제품은 열·화학약품에 강하지만 딱딱한 표면으로 긁지 않도록 주의하세요.
546,37,WOOD,서랍장,느티나무 서랍장,791000,느티나무,BROWN,,실용|인테리어,False,True,True,False,False,ON_SALE,14,6,1,11.0,"선조들이 사용하던 전통 소목(小木) 기법으로, 느티나무 원목을 손대패로 다듬어 끌과 정으로 장부 짜임을 맞춰 완성했습니다.",직사광선을 피하고 가습기 등으로 습도를 40~60%로 유지하세요. 표면은 마른 천으로 닦고 1년에 한 번 목재 오일을 얇게 발라 주세요.
547,37,WOOD,문갑,소나무 문갑,520000,소나무,WHITE,PARENTS,수집,False,True,True,False,False,ON_SALE,17,2,1,5.0,3년 이상 자연 건조한 소나무 원목을 전통 짜임 기법으로 조립했습니다. 못을 일절 사용하지 않아 목재 본연의 숨결이 살아 있습니다.,직사광선을 피하고 가습기 등으로 습도를 40~60%로 유지하세요. 표면은 마른 천으로 닦고 1년에 한 번 목재 오일을 얇게 발라 주세요.
548,37,WOOD,반닫이,참나무 반닫이,537000,참나무,WHITE,,선물|수집,False,False,False,False,False,ON_SALE,22,29,18,79.5,참나무을 사용해 손으로 형태를 깎고 전통 옻칠을 19회 올렸습니다. 시간이 지날수록 색이 깊어지고 내구성이 높아집니다.,물에 오래 담그지 마세요. 옻칠 제품은 열·화학약품에 강하지만 딱딱한 표면으로 긁지 않도록 주의하세요.
549,37,WOOD,트레이,느티나무 트레이,186000,느티나무,GRAY,CORPORATE,실용|선물,False,True,False,False,False,ON_SALE,3,3,24,52.5,느티나무을 사용해 손으로 형태를 깎고 전통 옻칠을 5회 올렸습니다. 시간이 지날수록 색이 깊어지고 내구성이 높아집니다.,직사광선을 피하고 가습기 등으로 습도를 40~60%로 유지하세요. 표면은 마른 천으로 닦고 1년에 한 번 목재 오일을 얇게 발라 주세요.
550,37,WOOD,소반,참나무 소반,932000,참나무,WHITE,,선물,False,False,False,False,False,ON_SALE,17,18,14,55.0,3년 이상 자연 건조한 참나무 원목을 전통 짜임 기법으로 조립했습니다. 못을 일절 사용하지 않아 목재 본연의 숨결이 살아 있습니다.,물에 오래 담그지 마세요. 옻칠 제품은 열·화학약품에 강하지만 딱딱한 표면으로 긁지 않도록 주의하세요.
551,37,WOOD,책상,전통옻칠 책상,147000,전통옻칠,WHITE,CORPORATE,수집,False,True,False,False,False,ON_SALE,10,1,2,5.5,"선조들이 사용하던 전통 소목(小木) 기법으로, 전통옻칠 원목을 손대패로 다듬어 끌과 정으로 장부 짜임을 맞춰 완성했습니다.",직사광선을 피하고 가습기 등으로 습도를 40~60%로 유지하세요. 표면은 마른 천으로 닦고 1년에 한 번 목재 오일을 얇게 발라 주세요.
552,37,WOOD,도마,소나무 도마,89000,소나무,GRAY,,선물|인테리어,False,False,True,False,False,ON_SALE,17,16,11,46.0,3년 이상 자연 건조한 소나무 원목을 전통 짜임 기법으로 조립했습니다. 못을 일절 사용하지 않아 목재 본연의 숨결이 살아 있습니다.,직사광선을 피하고 가습기 등으로 습도를 40~60%로 유지하세요. 표면은 마른 천으로 닦고 1년에 한 번 목재 오일을 얇게 발라 주세요.
553,37,WOOD,의자,참나무 의자,634000,참나무,BROWN,PARENTS,선물,True,False,True,False,False,ON_SALE,29,1,2,5.5,"선조들이 사용하던 전통 소목(小木) 기법으로, 참나무 원목을 손대패로 다듬어 끌과 정으로 장부 짜임을 맞춰 완성했습니다.",물에 오래 담그지 마세요. 옻칠 제품은 열·화학약품에 강하지만 딱딱한 표면으로 긁지 않도록 주의하세요.
554,37,WOOD,나무필통,소나무 나무필통,858000,소나무,WHITE,,실용,True,False,True,True,False,ON_SALE,18,3,12,28.5,"선조들이 사용하던 전통 소목(小木) 기법으로, 소나무 원목을 손대패로 다듬어 끌과 정으로 장부 짜임을 맞춰 완성했습니다.",직사광선을 피하고 가습기 등으로 습도를 40~60%로 유지하세요. 표면은 마른 천으로 닦고 1년에 한 번 목재 오일을 얇게 발라 주세요.
555,37,WOOD,나무화병,소나무 나무화병,550000,소나무,WHITE,,수집|실용,False,False,False,False,True,ON_SALE,3,21,7,55.5,"선조들이 사용하던 전통 소목(小木) 기법으로, 소나무 원목을 손대패로 다듬어 끌과 정으로 장부 짜임을 맞춰 완성했습니다.",직사광선을 피하고 가습기 등으로 습도를 40~60%로 유지하세요. 표면은 마른 천으로 닦고 1년에 한 번 목재 오일을 얇게 발라 주세요.
556,38,WOOD,서랍장,오동나무 서랍장,670000,오동나무,WHITE,CORPORATE,인테리어|실용,False,True,False,False,False,ON_SALE,2,4,34,74.0,3년 이상 자연 건조한 오동나무 원목을 전통 짜임 기법으로 조립했습니다. 못을 일절 사용하지 않아 목재 본연의 숨결이 살아 있습니다.,물에 오래 담그지 마세요. 옻칠 제품은 열·화학약품에 강하지만 딱딱한 표면으로 긁지 않도록 주의하세요.
557,38,WOOD,문갑,오동나무 문갑,742000,오동나무,BROWN,HOUSEWARMING,인테리어|수집,False,False,False,False,False,SOLD_OUT,0,15,1,24.5,오동나무을 사용해 손으로 형태를 깎고 전통 옻칠을 20회 올렸습니다. 시간이 지날수록 색이 깊어지고 내구성이 높아집니다.,물에 오래 담그지 마세요. 옻칠 제품은 열·화학약품에 강하지만 딱딱한 표면으로 긁지 않도록 주의하세요.
558,38,WOOD,반닫이,느티나무 반닫이,152000,느티나무,GRAY,CORPORATE,인테리어,False,True,True,False,False,ON_SALE,15,7,20,50.5,"선조들이 사용하던 전통 소목(小木) 기법으로, 느티나무 원목을 손대패로 다듬어 끌과 정으로 장부 짜임을 맞춰 완성했습니다.",물에 오래 담그지 마세요. 옻칠 제품은 열·화학약품에 강하지만 딱딱한 표면으로 긁지 않도록 주의하세요.
559,38,WOOD,트레이,전통옻칠 트레이,876000,전통옻칠,BROWN,CORPORATE,인테리어|실용,False,True,False,False,False,ON_SALE,18,3,5,14.5,"선조들이 사용하던 전통 소목(小木) 기법으로, 전통옻칠 원목을 손대패로 다듬어 끌과 정으로 장부 짜임을 맞춰 완성했습니다.",직사광선을 피하고 가습기 등으로 습도를 40~60%로 유지하세요. 표면은 마른 천으로 닦고 1년에 한 번 목재 오일을 얇게 발라 주세요.
560,38,WOOD,소반,오동나무 소반,435000,오동나무,GRAY,,인테리어|실용,False,True,True,False,False,ON_SALE,2,15,17,56.5,오동나무을 사용해 손으로 형태를 깎고 전통 옻칠을 13회 올렸습니다. 시간이 지날수록 색이 깊어지고 내구성이 높아집니다.,물에 오래 담그지 마세요. 옻칠 제품은 열·화학약품에 강하지만 딱딱한 표면으로 긁지 않도록 주의하세요.
561,38,WOOD,책상,느티나무 책상,938000,느티나무,GRAY,CORPORATE,선물|인테리어,False,False,False,False,False,ON_SALE,3,2,1,5.0,느티나무을 사용해 손으로 형태를 깎고 전통 옻칠을 19회 올렸습니다. 시간이 지날수록 색이 깊어지고 내구성이 높아집니다.,물에 오래 담그지 마세요. 옻칠 제품은 열·화학약품에 강하지만 딱딱한 표면으로 긁지 않도록 주의하세요.
562,38,WOOD,도마,전통옻칠 도마,838000,전통옻칠,WHITE,,수집|인테리어,False,False,False,False,False,ON_SALE,17,4,9,24.0,전통옻칠을 사용해 손으로 형태를 깎고 전통 옻칠을 13회 올렸습니다. 시간이 지날수록 색이 깊어지고 내구성이 높아집니다.,물에 오래 담그지 마세요. 옻칠 제품은 열·화학약품에 강하지만 딱딱한 표면으로 긁지 않도록 주의하세요.
563,38,WOOD,의자,오동나무 의자,81000,오동나무,WHITE,PARENTS,실용,True,True,False,False,False,HIDDEN,2,1,17,35.5,오동나무을 사용해 손으로 형태를 깎고 전통 옻칠을 7회 올렸습니다. 시간이 지날수록 색이 깊어지고 내구성이 높아집니다.,물에 오래 담그지 마세요. 옻칠 제품은 열·화학약품에 강하지만 딱딱한 표면으로 긁지 않도록 주의하세요.
564,38,WOOD,나무필통,전통옻칠 나무필통,152000,전통옻칠,BROWN,,인테리어,False,False,False,False,False,ON_SALE,13,2,8,19.0,전통옻칠을 사용해 손으로 형태를 깎고 전통 옻칠을 13회 올렸습니다. 시간이 지날수록 색이 깊어지고 내구성이 높아집니다.,직사광선을 피하고 가습기 등으로 습도를 40~60%로 유지하세요. 표면은 마른 천으로 닦고 1년에 한 번 목재 오일을 얇게 발라 주세요.
565,38,WOOD,나무화병,소나무 나무화병,730000,소나무,GRAY,CORPORATE,실용|인테리어,False,False,False,True,True,SOLD_OUT,0,1,0,11.5,3년 이상 자연 건조한 소나무 원목을 전통 짜임 기법으로 조립했습니다. 못을 일절 사용하지 않아 목재 본연의 숨결이 살아 있습니다.,직사광선을 피하고 가습기 등으로 습도를 40~60%로 유지하세요. 표면은 마른 천으로 닦고 1년에 한 번 목재 오일을 얇게 발라 주세요.
566,38,WOOD,서랍장,참나무 서랍장,383000,참나무,GRAY,PARENTS,수집,False,False,False,False,False,ON_SALE,5,24,4,44.0,참나무을 사용해 손으로 형태를 깎고 전통 옻칠을 7회 올렸습니다. 시간이 지날수록 색이 깊어지고 내구성이 높아집니다.,물에 오래 담그지 마세요. 옻칠 제품은 열·화학약품에 강하지만 딱딱한 표면으로 긁지 않도록 주의하세요.
567,38,WOOD,문갑,느티나무 문갑,836000,느티나무,WHITE,,인테리어|수집,False,False,True,False,False,SOLD_OUT,0,4,9,24.0,3년 이상 자연 건조한 느티나무 원목을 전통 짜임 기법으로 조립했습니다. 못을 일절 사용하지 않아 목재 본연의 숨결이 살아 있습니다.,직사광선을 피하고 가습기 등으로 습도를 40~60%로 유지하세요. 표면은 마른 천으로 닦고 1년에 한 번 목재 오일을 얇게 발라 주세요.
568,38,WOOD,반닫이,참나무 반닫이,908000,참나무,BROWN,HOUSEWARMING,수집|선물,False,False,False,False,False,ON_SALE,2,6,2,13.0,"선조들이 사용하던 전통 소목(小木) 기법으로, 참나무 원목을 손대패로 다듬어 끌과 정으로 장부 짜임을 맞춰 완성했습니다.",직사광선을 피하고 가습기 등으로 습도를 40~60%로 유지하세요. 표면은 마른 천으로 닦고 1년에 한 번 목재 오일을 얇게 발라 주세요.
569,38,WOOD,트레이,소나무 트레이,810000,소나무,BROWN,,실용,True,False,False,False,False,ON_SALE,3,44,7,80.0,소나무을 사용해 손으로 형태를 깎고 전통 옻칠을 15회 올렸습니다. 시간이 지날수록 색이 깊어지고 내구성이 높아집니다.,직사광선을 피하고 가습기 등으로 습도를 40~60%로 유지하세요. 표면은 마른 천으로 닦고 1년에 한 번 목재 오일을 얇게 발라 주세요.
570,38,WOOD,소반,오동나무 소반,775000,오동나무,GRAY,HOUSEWARMING,인테리어,False,True,False,False,False,ON_SALE,8,0,0,0.0,3년 이상 자연 건조한 오동나무 원목을 전통 짜임 기법으로 조립했습니다. 못을 일절 사용하지 않아 목재 본연의 숨결이 살아 있습니다.,물에 오래 담그지 마세요. 옻칠 제품은 열·화학약품에 강하지만 딱딱한 표면으로 긁지 않도록 주의하세요.
571,39,WOOD,책상,느티나무 책상,431000,느티나무,WHITE,,실용|수집,False,True,True,False,False,ON_SALE,11,8,0,12.0,3년 이상 자연 건조한 느티나무 원목을 전통 짜임 기법으로 조립했습니다. 못을 일절 사용하지 않아 목재 본연의 숨결이 살아 있습니다.,직사광선을 피하고 가습기 등으로 습도를 40~60%로 유지하세요. 표면은 마른 천으로 닦고 1년에 한 번 목재 오일을 얇게 발라 주세요.
572,39,WOOD,도마,오동나무 도마,800000,오동나무,BROWN,PARENTS,인테리어,False,True,True,False,True,ON_SALE,21,33,50,159.5,3년 이상 자연 건조한 오동나무 원목을 전통 짜임 기법으로 조립했습니다. 못을 일절 사용하지 않아 목재 본연의 숨결이 살아 있습니다.,물에 오래 담그지 마세요. 옻칠 제품은 열·화학약품에 강하지만 딱딱한 표면으로 긁지 않도록 주의하세요.
573,39,WOOD,의자,전통옻칠 의자,113000,전통옻칠,WHITE,,실용|수집,False,False,False,False,False,ON_SALE,28,15,5,32.5,"선조들이 사용하던 전통 소목(小木) 기법으로, 전통옻칠 원목을 손대패로 다듬어 끌과 정으로 장부 짜임을 맞춰 완성했습니다.",물에 오래 담그지 마세요. 옻칠 제품은 열·화학약품에 강하지만 딱딱한 표면으로 긁지 않도록 주의하세요.
574,39,WOOD,나무필통,오동나무 나무필통,389000,오동나무,WHITE,BOSS,수집|실용,False,True,False,False,False,ON_SALE,12,19,12,52.5,3년 이상 자연 건조한 오동나무 원목을 전통 짜임 기법으로 조립했습니다. 못을 일절 사용하지 않아 목재 본연의 숨결이 살아 있습니다.,직사광선을 피하고 가습기 등으로 습도를 40~60%로 유지하세요. 표면은 마른 천으로 닦고 1년에 한 번 목재 오일을 얇게 발라 주세요.
575,39,WOOD,나무화병,전통옻칠 나무화병,56000,전통옻칠,WHITE,,인테리어|실용,False,False,False,True,False,ON_SALE,1,29,3,49.5,3년 이상 자연 건조한 전통옻칠 원목을 전통 짜임 기법으로 조립했습니다. 못을 일절 사용하지 않아 목재 본연의 숨결이 살아 있습니다.,직사광선을 피하고 가습기 등으로 습도를 40~60%로 유지하세요. 표면은 마른 천으로 닦고 1년에 한 번 목재 오일을 얇게 발라 주세요.
576,39,WOOD,서랍장,소나무 서랍장,580000,소나무,GRAY,HOUSEWARMING,선물,False,False,True,False,False,SOLD_OUT,0,35,13,78.5,소나무을 사용해 손으로 형태를 깎고 전통 옻칠을 18회 올렸습니다. 시간이 지날수록 색이 깊어지고 내구성이 높아집니다.,직사광선을 피하고 가습기 등으로 습도를 40~60%로 유지하세요. 표면은 마른 천으로 닦고 1년에 한 번 목재 오일을 얇게 발라 주세요.
577,39,WOOD,문갑,느티나무 문갑,921000,느티나무,GRAY,,인테리어|수집,False,False,True,False,False,ON_SALE,24,12,5,28.0,3년 이상 자연 건조한 느티나무 원목을 전통 짜임 기법으로 조립했습니다. 못을 일절 사용하지 않아 목재 본연의 숨결이 살아 있습니다.,물에 오래 담그지 마세요. 옻칠 제품은 열·화학약품에 강하지만 딱딱한 표면으로 긁지 않도록 주의하세요.
578,39,WOOD,반닫이,전통옻칠 반닫이,964000,전통옻칠,WHITE,,선물,True,True,False,False,False,ON_SALE,12,4,2,10.0,전통옻칠을 사용해 손으로 형태를 깎고 전통 옻칠을 9회 올렸습니다. 시간이 지날수록 색이 깊어지고 내구성이 높아집니다.,직사광선을 피하고 가습기 등으로 습도를 40~60%로 유지하세요. 표면은 마른 천으로 닦고 1년에 한 번 목재 오일을 얇게 발라 주세요.
579,39,WOOD,트레이,느티나무 트레이,891000,느티나무,GRAY,,실용|수집,True,True,True,False,False,ON_SALE,14,0,22,44.0,"선조들이 사용하던 전통 소목(小木) 기법으로, 느티나무 원목을 손대패로 다듬어 끌과 정으로 장부 짜임을 맞춰 완성했습니다.",물에 오래 담그지 마세요. 옻칠 제품은 열·화학약품에 강하지만 딱딱한 표면으로 긁지 않도록 주의하세요.
580,39,WOOD,소반,느티나무 소반,819000,느티나무,GRAY,CORPORATE,선물|실용,False,True,False,False,False,ON_SALE,6,17,15,55.5,느티나무을 사용해 손으로 형태를 깎고 전통 옻칠을 13회 올렸습니다. 시간이 지날수록 색이 깊어지고 내구성이 높아집니다.,물에 오래 담그지 마세요. 옻칠 제품은 열·화학약품에 강하지만 딱딱한 표면으로 긁지 않도록 주의하세요.
581,39,WOOD,책상,느티나무 책상,766000,느티나무,WHITE,,선물|인테리어,False,True,True,False,False,ON_SALE,3,4,3,12.0,"선조들이 사용하던 전통 소목(小木) 기법으로, 느티나무 원목을 손대패로 다듬어 끌과 정으로 장부 짜임을 맞춰 완성했습니다.",물에 오래 담그지 마세요. 옻칠 제품은 열·화학약품에 강하지만 딱딱한 표면으로 긁지 않도록 주의하세요.
582,39,WOOD,도마,느티나무 도마,181000,느티나무,WHITE,,선물,False,False,False,False,False,ON_SALE,6,6,2,13.0,3년 이상 자연 건조한 느티나무 원목을 전통 짜임 기법으로 조립했습니다. 못을 일절 사용하지 않아 목재 본연의 숨결이 살아 있습니다.,직사광선을 피하고 가습기 등으로 습도를 40~60%로 유지하세요. 표면은 마른 천으로 닦고 1년에 한 번 목재 오일을 얇게 발라 주세요.
583,39,WOOD,의자,느티나무 의자,558000,느티나무,WHITE,HOUSEWARMING,실용|수집,False,True,False,False,False,SOLD_OUT,0,73,6,121.5,느티나무을 사용해 손으로 형태를 깎고 전통 옻칠을 15회 올렸습니다. 시간이 지날수록 색이 깊어지고 내구성이 높아집니다.,물에 오래 담그지 마세요. 옻칠 제품은 열·화학약품에 강하지만 딱딱한 표면으로 긁지 않도록 주의하세요.
584,39,WOOD,나무필통,오동나무 나무필통,656000,오동나무,WHITE,,수집|실용,False,False,False,False,False,SOLD_OUT,0,3,3,10.5,3년 이상 자연 건조한 오동나무 원목을 전통 짜임 기법으로 조립했습니다. 못을 일절 사용하지 않아 목재 본연의 숨결이 살아 있습니다.,직사광선을 피하고 가습기 등으로 습도를 40~60%로 유지하세요. 표면은 마른 천으로 닦고 1년에 한 번 목재 오일을 얇게 발라 주세요.
585,39,WOOD,나무화병,전통옻칠 나무화병,116000,전통옻칠,WHITE,,인테리어|실용,False,False,False,False,False,ON_SALE,18,4,19,44.0,전통옻칠을 사용해 손으로 형태를 깎고 전통 옻칠을 16회 올렸습니다. 시간이 지날수록 색이 깊어지고 내구성이 높아집니다.,직사광선을 피하고 가습기 등으로 습도를 40~60%로 유지하세요. 표면은 마른 천으로 닦고 1년에 한 번 목재 오일을 얇게 발라 주세요.
586,40,WOOD,서랍장,오동나무 서랍장,356000,오동나무,GRAY,,인테리어,False,False,False,False,False,SOLD_OUT,0,31,0,46.5,3년 이상 자연 건조한 오동나무 원목을 전통 짜임 기법으로 조립했습니다. 못을 일절 사용하지 않아 목재 본연의 숨결이 살아 있습니다.,물에 오래 담그지 마세요. 옻칠 제품은 열·화학약품에 강하지만 딱딱한 표면으로 긁지 않도록 주의하세요.
587,40,WOOD,문갑,참나무 문갑,164000,참나무,WHITE,HOUSEWARMING,수집,False,False,True,False,False,SOLD_OUT,0,6,4,17.0,참나무을 사용해 손으로 형태를 깎고 전통 옻칠을 8회 올렸습니다. 시간이 지날수록 색이 깊어지고 내구성이 높아집니다.,직사광선을 피하고 가습기 등으로 습도를 40~60%로 유지하세요. 표면은 마른 천으로 닦고 1년에 한 번 목재 오일을 얇게 발라 주세요.
588,40,WOOD,반닫이,참나무 반닫이,640000,참나무,BROWN,BOSS,인테리어,False,False,False,False,False,ON_SALE,10,21,9,49.5,참나무을 사용해 손으로 형태를 깎고 전통 옻칠을 15회 올렸습니다. 시간이 지날수록 색이 깊어지고 내구성이 높아집니다.,직사광선을 피하고 가습기 등으로 습도를 40~60%로 유지하세요. 표면은 마른 천으로 닦고 1년에 한 번 목재 오일을 얇게 발라 주세요.
589,40,WOOD,트레이,오동나무 트레이,952000,오동나무,WHITE,,선물,False,False,False,False,False,ON_SALE,10,10,0,15.0,오동나무을 사용해 손으로 형태를 깎고 전통 옻칠을 9회 올렸습니다. 시간이 지날수록 색이 깊어지고 내구성이 높아집니다.,물에 오래 담그지 마세요. 옻칠 제품은 열·화학약품에 강하지만 딱딱한 표면으로 긁지 않도록 주의하세요.
590,40,WOOD,소반,참나무 소반,810000,참나무,GRAY,HOUSEWARMING,실용,False,False,False,False,False,ON_SALE,20,5,3,13.5,3년 이상 자연 건조한 참나무 원목을 전통 짜임 기법으로 조립했습니다. 못을 일절 사용하지 않아 목재 본연의 숨결이 살아 있습니다.,직사광선을 피하고 가습기 등으로 습도를 40~60%로 유지하세요. 표면은 마른 천으로 닦고 1년에 한 번 목재 오일을 얇게 발라 주세요.
591,40,WOOD,책상,참나무 책상,264000,참나무,GRAY,,선물,False,False,False,False,False,ON_SALE,27,10,1,17.0,참나무을 사용해 손으로 형태를 깎고 전통 옻칠을 19회 올렸습니다. 시간이 지날수록 색이 깊어지고 내구성이 높아집니다.,직사광선을 피하고 가습기 등으로 습도를 40~60%로 유지하세요. 표면은 마른 천으로 닦고 1년에 한 번 목재 오일을 얇게 발라 주세요.
592,40,WOOD,도마,오동나무 도마,535000,오동나무,WHITE,PARENTS,선물,False,False,False,False,False,ON_SALE,30,1,9,19.5,3년 이상 자연 건조한 오동나무 원목을 전통 짜임 기법으로 조립했습니다. 못을 일절 사용하지 않아 목재 본연의 숨결이 살아 있습니다.,물에 오래 담그지 마세요. 옻칠 제품은 열·화학약품에 강하지만 딱딱한 표면으로 긁지 않도록 주의하세요.
593,40,WOOD,의자,전통옻칠 의자,920000,전통옻칠,GRAY,BOSS,선물,False,False,False,False,True,ON_SALE,11,4,7,30.0,전통옻칠을 사용해 손으로 형태를 깎고 전통 옻칠을 7회 올렸습니다. 시간이 지날수록 색이 깊어지고 내구성이 높아집니다.,직사광선을 피하고 가습기 등으로 습도를 40~60%로 유지하세요. 표면은 마른 천으로 닦고 1년에 한 번 목재 오일을 얇게 발라 주세요.
594,40,WOOD,나무필통,참나무 나무필통,757000,참나무,BROWN,HOUSEWARMING,실용|선물,False,False,True,False,False,ON_SALE,7,4,1,8.0,3년 이상 자연 건조한 참나무 원목을 전통 짜임 기법으로 조립했습니다. 못을 일절 사용하지 않아 목재 본연의 숨결이 살아 있습니다.,물에 오래 담그지 마세요. 옻칠 제품은 열·화학약품에 강하지만 딱딱한 표면으로 긁지 않도록 주의하세요.
595,40,WOOD,나무화병,참나무 나무화병,563000,참나무,BROWN,,인테리어,True,False,True,False,False,ON_SALE,13,14,2,25.0,"선조들이 사용하던 전통 소목(小木) 기법으로, 참나무 원목을 손대패로 다듬어 끌과 정으로 장부 짜임을 맞춰 완성했습니다.",물에 오래 담그지 마세요. 옻칠 제품은 열·화학약품에 강하지만 딱딱한 표면으로 긁지 않도록 주의하세요.
596,40,WOOD,서랍장,오동나무 서랍장,895000,오동나무,WHITE,,선물,False,False,False,False,False,ON_SALE,29,34,11,73.0,"선조들이 사용하던 전통 소목(小木) 기법으로, 오동나무 원목을 손대패로 다듬어 끌과 정으로 장부 짜임을 맞춰 완성했습니다.",물에 오래 담그지 마세요. 옻칠 제품은 열·화학약품에 강하지만 딱딱한 표면으로 긁지 않도록 주의하세요.
597,40,WOOD,문갑,참나무 문갑,215000,참나무,BROWN,BOSS,선물|수집,False,False,True,False,False,ON_SALE,20,7,2,14.5,"선조들이 사용하던 전통 소목(小木) 기법으로, 참나무 원목을 손대패로 다듬어 끌과 정으로 장부 짜임을 맞춰 완성했습니다.",물에 오래 담그지 마세요. 옻칠 제품은 열·화학약품에 강하지만 딱딱한 표면으로 긁지 않도록 주의하세요.
598,40,WOOD,반닫이,오동나무 반닫이,610000,오동나무,BROWN,,선물|수집,False,False,False,False,True,ON_SALE,8,6,13,45.0,"선조들이 사용하던 전통 소목(小木) 기법으로, 오동나무 원목을 손대패로 다듬어 끌과 정으로 장부 짜임을 맞춰 완성했습니다.",물에 오래 담그지 마세요. 옻칠 제품은 열·화학약품에 강하지만 딱딱한 표면으로 긁지 않도록 주의하세요.
599,40,WOOD,트레이,전통옻칠 트레이,583000,전통옻칠,BROWN,,인테리어,True,False,False,True,False,ON_SALE,11,36,11,76.0,전통옻칠을 사용해 손으로 형태를 깎고 전통 옻칠을 10회 올렸습니다. 시간이 지날수록 색이 깊어지고 내구성이 높아집니다.,직사광선을 피하고 가습기 등으로 습도를 40~60%로 유지하세요. 표면은 마른 천으로 닦고 1년에 한 번 목재 오일을 얇게 발라 주세요.
600,40,WOOD,소반,느티나무 소반,583000,느티나무,WHITE,,실용,False,True,False,False,False,ON_SALE,24,4,0,6.0,3년 이상 자연 건조한 느티나무 원목을 전통 짜임 기법으로 조립했습니다. 못을 일절 사용하지 않아 목재 본연의 숨결이 살아 있습니다.,직사광선을 피하고 가습기 등으로 습도를 40~60%로 유지하세요. 표면은 마른 천으로 닦고 1년에 한 번 목재 오일을 얇게 발라 주세요.
601,41,WOOD,책상,오동나무 책상,195000,오동나무,GRAY,PARENTS,선물|인테리어,False,False,True,False,False,ON_SALE,13,2,10,23.0,"선조들이 사용하던 전통 소목(小木) 기법으로, 오동나무 원목을 손대패로 다듬어 끌과 정으로 장부 짜임을 맞춰 완성했습니다.",직사광선을 피하고 가습기 등으로 습도를 40~60%로 유지하세요. 표면은 마른 천으로 닦고 1년에 한 번 목재 오일을 얇게 발라 주세요.
602,41,WOOD,도마,느티나무 도마,55000,느티나무,BROWN,BOSS,실용,False,False,True,False,False,ON_SALE,17,20,2,34.0,"선조들이 사용하던 전통 소목(小木) 기법으로, 느티나무 원목을 손대패로 다듬어 끌과 정으로 장부 짜임을 맞춰 완성했습니다.",직사광선을 피하고 가습기 등으로 습도를 40~60%로 유지하세요. 표면은 마른 천으로 닦고 1년에 한 번 목재 오일을 얇게 발라 주세요.
603,41,WOOD,의자,느티나무 의자,420000,느티나무,GRAY,PARENTS,수집|인테리어,False,False,False,False,False,ON_SALE,1,74,10,131.0,"선조들이 사용하던 전통 소목(小木) 기법으로, 느티나무 원목을 손대패로 다듬어 끌과 정으로 장부 짜임을 맞춰 완성했습니다.",직사광선을 피하고 가습기 등으로 습도를 40~60%로 유지하세요. 표면은 마른 천으로 닦고 1년에 한 번 목재 오일을 얇게 발라 주세요.
604,41,WOOD,나무필통,전통옻칠 나무필통,441000,전통옻칠,BROWN,,수집,False,True,True,False,False,ON_SALE,18,2,16,35.0,"선조들이 사용하던 전통 소목(小木) 기법으로, 전통옻칠 원목을 손대패로 다듬어 끌과 정으로 장부 짜임을 맞춰 완성했습니다.",직사광선을 피하고 가습기 등으로 습도를 40~60%로 유지하세요. 표면은 마른 천으로 닦고 1년에 한 번 목재 오일을 얇게 발라 주세요.
605,41,WOOD,나무화병,느티나무 나무화병,570000,느티나무,BROWN,,인테리어,False,False,True,False,False,ON_SALE,14,30,2,49.0,3년 이상 자연 건조한 느티나무 원목을 전통 짜임 기법으로 조립했습니다. 못을 일절 사용하지 않아 목재 본연의 숨결이 살아 있습니다.,물에 오래 담그지 마세요. 옻칠 제품은 열·화학약품에 강하지만 딱딱한 표면으로 긁지 않도록 주의하세요.
606,41,WOOD,서랍장,오동나무 서랍장,364000,오동나무,GRAY,BOSS,수집|선물,False,False,True,False,True,ON_SALE,4,2,4,21.0,3년 이상 자연 건조한 오동나무 원목을 전통 짜임 기법으로 조립했습니다. 못을 일절 사용하지 않아 목재 본연의 숨결이 살아 있습니다.,직사광선을 피하고 가습기 등으로 습도를 40~60%로 유지하세요. 표면은 마른 천으로 닦고 1년에 한 번 목재 오일을 얇게 발라 주세요.
607,41,WOOD,문갑,전통옻칠 문갑,178000,전통옻칠,GRAY,,수집|인테리어,True,False,False,False,False,ON_SALE,29,6,8,25.0,3년 이상 자연 건조한 전통옻칠 원목을 전통 짜임 기법으로 조립했습니다. 못을 일절 사용하지 않아 목재 본연의 숨결이 살아 있습니다.,물에 오래 담그지 마세요. 옻칠 제품은 열·화학약품에 강하지만 딱딱한 표면으로 긁지 않도록 주의하세요.
608,41,WOOD,반닫이,오동나무 반닫이,566000,오동나무,WHITE,PARENTS,수집|실용,False,False,False,False,False,ON_SALE,27,9,3,19.5,3년 이상 자연 건조한 오동나무 원목을 전통 짜임 기법으로 조립했습니다. 못을 일절 사용하지 않아 목재 본연의 숨결이 살아 있습니다.,직사광선을 피하고 가습기 등으로 습도를 40~60%로 유지하세요. 표면은 마른 천으로 닦고 1년에 한 번 목재 오일을 얇게 발라 주세요.
609,41,WOOD,트레이,전통옻칠 트레이,753000,전통옻칠,BROWN,BOSS,실용,False,False,True,False,False,ON_SALE,18,32,3,54.0,3년 이상 자연 건조한 전통옻칠 원목을 전통 짜임 기법으로 조립했습니다. 못을 일절 사용하지 않아 목재 본연의 숨결이 살아 있습니다.,직사광선을 피하고 가습기 등으로 습도를 40~60%로 유지하세요. 표면은 마른 천으로 닦고 1년에 한 번 목재 오일을 얇게 발라 주세요.
610,41,WOOD,소반,참나무 소반,411000,참나무,GRAY,PARENTS,선물|수집,True,True,False,False,False,ON_SALE,26,11,8,32.5,"선조들이 사용하던 전통 소목(小木) 기법으로, 참나무 원목을 손대패로 다듬어 끌과 정으로 장부 짜임을 맞춰 완성했습니다.",물에 오래 담그지 마세요. 옻칠 제품은 열·화학약품에 강하지만 딱딱한 표면으로 긁지 않도록 주의하세요.
611,41,WOOD,책상,오동나무 책상,861000,오동나무,WHITE,HOUSEWARMING,실용|인테리어,False,False,True,False,False,ON_SALE,28,0,0,0.0,3년 이상 자연 건조한 오동나무 원목을 전통 짜임 기법으로 조립했습니다. 못을 일절 사용하지 않아 목재 본연의 숨결이 살아 있습니다.,직사광선을 피하고 가습기 등으로 습도를 40~60%로 유지하세요. 표면은 마른 천으로 닦고 1년에 한 번 목재 오일을 얇게 발라 주세요.
612,41,WOOD,도마,오동나무 도마,369000,오동나무,GRAY,,인테리어|수집,False,False,False,False,False,ON_SALE,29,13,1,21.5,3년 이상 자연 건조한 오동나무 원목을 전통 짜임 기법으로 조립했습니다. 못을 일절 사용하지 않아 목재 본연의 숨결이 살아 있습니다.,물에 오래 담그지 마세요. 옻칠 제품은 열·화학약품에 강하지만 딱딱한 표면으로 긁지 않도록 주의하세요.
613,41,WOOD,의자,소나무 의자,536000,소나무,GRAY,,인테리어|선물,False,True,False,False,False,ON_SALE,14,3,6,16.5,3년 이상 자연 건조한 소나무 원목을 전통 짜임 기법으로 조립했습니다. 못을 일절 사용하지 않아 목재 본연의 숨결이 살아 있습니다.,물에 오래 담그지 마세요. 옻칠 제품은 열·화학약품에 강하지만 딱딱한 표면으로 긁지 않도록 주의하세요.
614,41,WOOD,나무필통,참나무 나무필통,487000,참나무,BROWN,,실용|인테리어,False,False,False,False,True,ON_SALE,21,4,5,26.0,3년 이상 자연 건조한 참나무 원목을 전통 짜임 기법으로 조립했습니다. 못을 일절 사용하지 않아 목재 본연의 숨결이 살아 있습니다.,물에 오래 담그지 마세요. 옻칠 제품은 열·화학약품에 강하지만 딱딱한 표면으로 긁지 않도록 주의하세요.
615,41,WOOD,나무화병,참나무 나무화병,918000,참나무,WHITE,CORPORATE,수집|실용,False,False,False,False,True,ON_SALE,29,18,9,55.0,3년 이상 자연 건조한 참나무 원목을 전통 짜임 기법으로 조립했습니다. 못을 일절 사용하지 않아 목재 본연의 숨결이 살아 있습니다.,직사광선을 피하고 가습기 등으로 습도를 40~60%로 유지하세요. 표면은 마른 천으로 닦고 1년에 한 번 목재 오일을 얇게 발라 주세요.
616,42,WOOD,서랍장,느티나무 서랍장,489000,느티나무,GRAY,BOSS,선물,False,False,False,False,False,ON_SALE,22,28,3,48.0,느티나무을 사용해 손으로 형태를 깎고 전통 옻칠을 6회 올렸습니다. 시간이 지날수록 색이 깊어지고 내구성이 높아집니다.,직사광선을 피하고 가습기 등으로 습도를 40~60%로 유지하세요. 표면은 마른 천으로 닦고 1년에 한 번 목재 오일을 얇게 발라 주세요.
617,42,WOOD,문갑,오동나무 문갑,715000,오동나무,WHITE,HOUSEWARMING,수집|선물,True,False,False,False,True,ON_SALE,9,14,9,49.0,"선조들이 사용하던 전통 소목(小木) 기법으로, 오동나무 원목을 손대패로 다듬어 끌과 정으로 장부 짜임을 맞춰 완성했습니다.",직사광선을 피하고 가습기 등으로 습도를 40~60%로 유지하세요. 표면은 마른 천으로 닦고 1년에 한 번 목재 오일을 얇게 발라 주세요.
618,42,WOOD,반닫이,느티나무 반닫이,155000,느티나무,GRAY,BOSS,수집|선물,False,False,True,True,False,ON_SALE,19,14,0,21.0,3년 이상 자연 건조한 느티나무 원목을 전통 짜임 기법으로 조립했습니다. 못을 일절 사용하지 않아 목재 본연의 숨결이 살아 있습니다.,직사광선을 피하고 가습기 등으로 습도를 40~60%로 유지하세요. 표면은 마른 천으로 닦고 1년에 한 번 목재 오일을 얇게 발라 주세요.
619,42,WOOD,트레이,소나무 트레이,118000,소나무,WHITE,PARENTS,선물,False,False,True,False,False,ON_SALE,19,5,2,11.5,3년 이상 자연 건조한 소나무 원목을 전통 짜임 기법으로 조립했습니다. 못을 일절 사용하지 않아 목재 본연의 숨결이 살아 있습니다.,물에 오래 담그지 마세요. 옻칠 제품은 열·화학약품에 강하지만 딱딱한 표면으로 긁지 않도록 주의하세요.
620,42,WOOD,소반,소나무 소반,749000,소나무,BROWN,,선물|인테리어,False,False,False,False,False,ON_SALE,6,0,14,28.0,"선조들이 사용하던 전통 소목(小木) 기법으로, 소나무 원목을 손대패로 다듬어 끌과 정으로 장부 짜임을 맞춰 완성했습니다.",직사광선을 피하고 가습기 등으로 습도를 40~60%로 유지하세요. 표면은 마른 천으로 닦고 1년에 한 번 목재 오일을 얇게 발라 주세요.
621,42,WOOD,책상,오동나무 책상,390000,오동나무,WHITE,,실용|수집,True,False,True,False,True,ON_SALE,22,14,5,41.0,"선조들이 사용하던 전통 소목(小木) 기법으로, 오동나무 원목을 손대패로 다듬어 끌과 정으로 장부 짜임을 맞춰 완성했습니다.",물에 오래 담그지 마세요. 옻칠 제품은 열·화학약품에 강하지만 딱딱한 표면으로 긁지 않도록 주의하세요.
622,42,WOOD,도마,참나무 도마,365000,참나무,WHITE,HOUSEWARMING,선물,False,False,True,False,False,ON_SALE,6,9,1,15.5,3년 이상 자연 건조한 참나무 원목을 전통 짜임 기법으로 조립했습니다. 못을 일절 사용하지 않아 목재 본연의 숨결이 살아 있습니다.,물에 오래 담그지 마세요. 옻칠 제품은 열·화학약품에 강하지만 딱딱한 표면으로 긁지 않도록 주의하세요.
623,42,WOOD,의자,오동나무 의자,783000,오동나무,GRAY,,수집|인테리어,False,False,False,False,True,SOLD_OUT,0,4,21,58.0,오동나무을 사용해 손으로 형태를 깎고 전통 옻칠을 18회 올렸습니다. 시간이 지날수록 색이 깊어지고 내구성이 높아집니다.,직사광선을 피하고 가습기 등으로 습도를 40~60%로 유지하세요. 표면은 마른 천으로 닦고 1년에 한 번 목재 오일을 얇게 발라 주세요.
624,42,WOOD,나무필통,전통옻칠 나무필통,642000,전통옻칠,GRAY,CORPORATE,실용,False,False,False,False,False,SOLD_OUT,0,20,1,32.0,"선조들이 사용하던 전통 소목(小木) 기법으로, 전통옻칠 원목을 손대패로 다듬어 끌과 정으로 장부 짜임을 맞춰 완성했습니다.",직사광선을 피하고 가습기 등으로 습도를 40~60%로 유지하세요. 표면은 마른 천으로 닦고 1년에 한 번 목재 오일을 얇게 발라 주세요.
625,42,WOOD,나무화병,느티나무 나무화병,504000,느티나무,GRAY,HOUSEWARMING,실용|수집,False,True,True,False,False,ON_SALE,14,1,2,5.5,느티나무을 사용해 손으로 형태를 깎고 전통 옻칠을 16회 올렸습니다. 시간이 지날수록 색이 깊어지고 내구성이 높아집니다.,물에 오래 담그지 마세요. 옻칠 제품은 열·화학약품에 강하지만 딱딱한 표면으로 긁지 않도록 주의하세요.
626,42,WOOD,서랍장,느티나무 서랍장,137000,느티나무,GRAY,PARENTS,수집|선물,False,False,False,False,False,ON_SALE,5,5,21,49.5,"선조들이 사용하던 전통 소목(小木) 기법으로, 느티나무 원목을 손대패로 다듬어 끌과 정으로 장부 짜임을 맞춰 완성했습니다.",물에 오래 담그지 마세요. 옻칠 제품은 열·화학약품에 강하지만 딱딱한 표면으로 긁지 않도록 주의하세요.
627,42,WOOD,문갑,참나무 문갑,581000,참나무,WHITE,,선물,False,False,True,False,False,ON_SALE,12,6,13,35.0,참나무을 사용해 손으로 형태를 깎고 전통 옻칠을 17회 올렸습니다. 시간이 지날수록 색이 깊어지고 내구성이 높아집니다.,물에 오래 담그지 마세요. 옻칠 제품은 열·화학약품에 강하지만 딱딱한 표면으로 긁지 않도록 주의하세요.
628,42,WOOD,반닫이,느티나무 반닫이,546000,느티나무,WHITE,PARENTS,인테리어,False,True,False,False,False,ON_SALE,22,25,0,37.5,"선조들이 사용하던 전통 소목(小木) 기법으로, 느티나무 원목을 손대패로 다듬어 끌과 정으로 장부 짜임을 맞춰 완성했습니다.",직사광선을 피하고 가습기 등으로 습도를 40~60%로 유지하세요. 표면은 마른 천으로 닦고 1년에 한 번 목재 오일을 얇게 발라 주세요.
629,42,WOOD,트레이,소나무 트레이,511000,소나무,GRAY,BOSS,선물,False,False,False,False,False,ON_SALE,22,9,5,23.5,소나무을 사용해 손으로 형태를 깎고 전통 옻칠을 8회 올렸습니다. 시간이 지날수록 색이 깊어지고 내구성이 높아집니다.,물에 오래 담그지 마세요. 옻칠 제품은 열·화학약품에 강하지만 딱딱한 표면으로 긁지 않도록 주의하세요.
630,42,WOOD,소반,전통옻칠 소반,299000,전통옻칠,BROWN,,수집,False,False,False,False,True,ON_SALE,14,11,3,32.5,전통옻칠을 사용해 손으로 형태를 깎고 전통 옻칠을 18회 올렸습니다. 시간이 지날수록 색이 깊어지고 내구성이 높아집니다.,직사광선을 피하고 가습기 등으로 습도를 40~60%로 유지하세요. 표면은 마른 천으로 닦고 1년에 한 번 목재 오일을 얇게 발라 주세요.
631,43,WOOD,책상,소나무 책상,237000,소나무,BROWN,,수집|인테리어,False,True,False,False,False,ON_SALE,9,8,8,28.0,3년 이상 자연 건조한 소나무 원목을 전통 짜임 기법으로 조립했습니다. 못을 일절 사용하지 않아 목재 본연의 숨결이 살아 있습니다.,물에 오래 담그지 마세요. 옻칠 제품은 열·화학약품에 강하지만 딱딱한 표면으로 긁지 않도록 주의하세요.
632,43,WOOD,도마,소나무 도마,52000,소나무,GRAY,HOUSEWARMING,선물|실용,False,False,True,False,False,ON_SALE,4,2,1,5.0,"선조들이 사용하던 전통 소목(小木) 기법으로, 소나무 원목을 손대패로 다듬어 끌과 정으로 장부 짜임을 맞춰 완성했습니다.",물에 오래 담그지 마세요. 옻칠 제품은 열·화학약품에 강하지만 딱딱한 표면으로 긁지 않도록 주의하세요.
633,43,WOOD,의자,참나무 의자,975000,참나무,GRAY,,인테리어|수집,False,True,False,False,False,ON_SALE,24,1,20,41.5,참나무을 사용해 손으로 형태를 깎고 전통 옻칠을 12회 올렸습니다. 시간이 지날수록 색이 깊어지고 내구성이 높아집니다.,물에 오래 담그지 마세요. 옻칠 제품은 열·화학약품에 강하지만 딱딱한 표면으로 긁지 않도록 주의하세요.
634,43,WOOD,나무필통,전통옻칠 나무필통,799000,전통옻칠,GRAY,BOSS,인테리어|실용,False,False,False,False,False,ON_SALE,23,24,3,42.0,"선조들이 사용하던 전통 소목(小木) 기법으로, 전통옻칠 원목을 손대패로 다듬어 끌과 정으로 장부 짜임을 맞춰 완성했습니다.",직사광선을 피하고 가습기 등으로 습도를 40~60%로 유지하세요. 표면은 마른 천으로 닦고 1년에 한 번 목재 오일을 얇게 발라 주세요.
635,43,WOOD,나무화병,전통옻칠 나무화병,548000,전통옻칠,GRAY,CORPORATE,수집,False,False,False,True,False,ON_SALE,9,9,12,37.5,전통옻칠을 사용해 손으로 형태를 깎고 전통 옻칠을 13회 올렸습니다. 시간이 지날수록 색이 깊어지고 내구성이 높아집니다.,물에 오래 담그지 마세요. 옻칠 제품은 열·화학약품에 강하지만 딱딱한 표면으로 긁지 않도록 주의하세요.
636,43,WOOD,서랍장,느티나무 서랍장,761000,느티나무,BROWN,,실용|인테리어,False,False,False,False,False,ON_SALE,16,39,0,58.5,"선조들이 사용하던 전통 소목(小木) 기법으로, 느티나무 원목을 손대패로 다듬어 끌과 정으로 장부 짜임을 맞춰 완성했습니다.",물에 오래 담그지 마세요. 옻칠 제품은 열·화학약품에 강하지만 딱딱한 표면으로 긁지 않도록 주의하세요.
637,43,WOOD,문갑,참나무 문갑,909000,참나무,GRAY,CORPORATE,실용|선물,False,False,True,False,False,ON_SALE,18,62,0,93.0,참나무을 사용해 손으로 형태를 깎고 전통 옻칠을 19회 올렸습니다. 시간이 지날수록 색이 깊어지고 내구성이 높아집니다.,물에 오래 담그지 마세요. 옻칠 제품은 열·화학약품에 강하지만 딱딱한 표면으로 긁지 않도록 주의하세요.
638,43,WOOD,반닫이,참나무 반닫이,725000,참나무,GRAY,CORPORATE,인테리어|수집,False,False,False,False,False,ON_SALE,24,10,2,19.0,참나무을 사용해 손으로 형태를 깎고 전통 옻칠을 19회 올렸습니다. 시간이 지날수록 색이 깊어지고 내구성이 높아집니다.,직사광선을 피하고 가습기 등으로 습도를 40~60%로 유지하세요. 표면은 마른 천으로 닦고 1년에 한 번 목재 오일을 얇게 발라 주세요.
639,43,WOOD,트레이,전통옻칠 트레이,440000,전통옻칠,WHITE,BOSS,실용,False,True,True,False,False,ON_SALE,14,6,1,11.0,전통옻칠을 사용해 손으로 형태를 깎고 전통 옻칠을 8회 올렸습니다. 시간이 지날수록 색이 깊어지고 내구성이 높아집니다.,물에 오래 담그지 마세요. 옻칠 제품은 열·화학약품에 강하지만 딱딱한 표면으로 긁지 않도록 주의하세요.
640,43,WOOD,소반,참나무 소반,549000,참나무,GRAY,,실용|수집,False,False,False,False,False,ON_SALE,1,11,3,22.5,"선조들이 사용하던 전통 소목(小木) 기법으로, 참나무 원목을 손대패로 다듬어 끌과 정으로 장부 짜임을 맞춰 완성했습니다.",직사광선을 피하고 가습기 등으로 습도를 40~60%로 유지하세요. 표면은 마른 천으로 닦고 1년에 한 번 목재 오일을 얇게 발라 주세요.
641,43,WOOD,책상,느티나무 책상,463000,느티나무,GRAY,HOUSEWARMING,실용|선물,False,True,False,False,False,ON_SALE,1,5,2,11.5,느티나무을 사용해 손으로 형태를 깎고 전통 옻칠을 18회 올렸습니다. 시간이 지날수록 색이 깊어지고 내구성이 높아집니다.,물에 오래 담그지 마세요. 옻칠 제품은 열·화학약품에 강하지만 딱딱한 표면으로 긁지 않도록 주의하세요.
642,43,WOOD,도마,느티나무 도마,600000,느티나무,GRAY,,실용,False,False,True,False,False,ON_SALE,10,1,0,1.5,느티나무을 사용해 손으로 형태를 깎고 전통 옻칠을 17회 올렸습니다. 시간이 지날수록 색이 깊어지고 내구성이 높아집니다.,물에 오래 담그지 마세요. 옻칠 제품은 열·화학약품에 강하지만 딱딱한 표면으로 긁지 않도록 주의하세요.
643,43,WOOD,의자,전통옻칠 의자,282000,전통옻칠,BROWN,BOSS,수집,False,False,False,False,False,ON_SALE,3,0,0,0.0,전통옻칠을 사용해 손으로 형태를 깎고 전통 옻칠을 19회 올렸습니다. 시간이 지날수록 색이 깊어지고 내구성이 높아집니다.,물에 오래 담그지 마세요. 옻칠 제품은 열·화학약품에 강하지만 딱딱한 표면으로 긁지 않도록 주의하세요.
644,43,WOOD,나무필통,오동나무 나무필통,836000,오동나무,GRAY,BOSS,선물|수집,False,False,False,False,False,ON_SALE,2,5,4,15.5,오동나무을 사용해 손으로 형태를 깎고 전통 옻칠을 7회 올렸습니다. 시간이 지날수록 색이 깊어지고 내구성이 높아집니다.,직사광선을 피하고 가습기 등으로 습도를 40~60%로 유지하세요. 표면은 마른 천으로 닦고 1년에 한 번 목재 오일을 얇게 발라 주세요.
645,43,WOOD,나무화병,참나무 나무화병,473000,참나무,GRAY,CORPORATE,인테리어,False,False,False,False,False,ON_SALE,22,6,19,47.0,"선조들이 사용하던 전통 소목(小木) 기법으로, 참나무 원목을 손대패로 다듬어 끌과 정으로 장부 짜임을 맞춰 완성했습니다.",직사광선을 피하고 가습기 등으로 습도를 40~60%로 유지하세요. 표면은 마른 천으로 닦고 1년에 한 번 목재 오일을 얇게 발라 주세요.
646,44,WOOD,서랍장,참나무 서랍장,504000,참나무,BROWN,,실용|수집,False,False,False,False,False,ON_SALE,25,2,5,13.0,3년 이상 자연 건조한 참나무 원목을 전통 짜임 기법으로 조립했습니다. 못을 일절 사용하지 않아 목재 본연의 숨결이 살아 있습니다.,직사광선을 피하고 가습기 등으로 습도를 40~60%로 유지하세요. 표면은 마른 천으로 닦고 1년에 한 번 목재 오일을 얇게 발라 주세요.
647,44,WOOD,문갑,참나무 문갑,349000,참나무,WHITE,,선물,False,False,True,False,False,ON_SALE,28,7,8,26.5,3년 이상 자연 건조한 참나무 원목을 전통 짜임 기법으로 조립했습니다. 못을 일절 사용하지 않아 목재 본연의 숨결이 살아 있습니다.,직사광선을 피하고 가습기 등으로 습도를 40~60%로 유지하세요. 표면은 마른 천으로 닦고 1년에 한 번 목재 오일을 얇게 발라 주세요.
648,44,WOOD,반닫이,오동나무 반닫이,300000,오동나무,GRAY,CORPORATE,수집|실용,False,False,False,False,False,ON_SALE,30,9,1,15.5,오동나무을 사용해 손으로 형태를 깎고 전통 옻칠을 5회 올렸습니다. 시간이 지날수록 색이 깊어지고 내구성이 높아집니다.,물에 오래 담그지 마세요. 옻칠 제품은 열·화학약품에 강하지만 딱딱한 표면으로 긁지 않도록 주의하세요.
649,44,WOOD,트레이,소나무 트레이,719000,소나무,GRAY,PARENTS,선물,False,True,True,False,False,ON_SALE,12,10,6,27.0,소나무을 사용해 손으로 형태를 깎고 전통 옻칠을 5회 올렸습니다. 시간이 지날수록 색이 깊어지고 내구성이 높아집니다.,직사광선을 피하고 가습기 등으로 습도를 40~60%로 유지하세요. 표면은 마른 천으로 닦고 1년에 한 번 목재 오일을 얇게 발라 주세요.
650,44,WOOD,소반,오동나무 소반,715000,오동나무,BROWN,BOSS,수집,False,False,True,False,False,ON_SALE,3,52,0,78.0,오동나무을 사용해 손으로 형태를 깎고 전통 옻칠을 16회 올렸습니다. 시간이 지날수록 색이 깊어지고 내구성이 높아집니다.,직사광선을 피하고 가습기 등으로 습도를 40~60%로 유지하세요. 표면은 마른 천으로 닦고 1년에 한 번 목재 오일을 얇게 발라 주세요.
651,44,WOOD,책상,소나무 책상,268000,소나무,GRAY,,실용|인테리어,False,True,True,False,True,SOLD_OUT,0,11,0,26.5,3년 이상 자연 건조한 소나무 원목을 전통 짜임 기법으로 조립했습니다. 못을 일절 사용하지 않아 목재 본연의 숨결이 살아 있습니다.,직사광선을 피하고 가습기 등으로 습도를 40~60%로 유지하세요. 표면은 마른 천으로 닦고 1년에 한 번 목재 오일을 얇게 발라 주세요.
652,44,WOOD,도마,오동나무 도마,135000,오동나무,WHITE,BOSS,선물,False,True,True,False,False,ON_SALE,16,5,0,7.5,"선조들이 사용하던 전통 소목(小木) 기법으로, 오동나무 원목을 손대패로 다듬어 끌과 정으로 장부 짜임을 맞춰 완성했습니다.",직사광선을 피하고 가습기 등으로 습도를 40~60%로 유지하세요. 표면은 마른 천으로 닦고 1년에 한 번 목재 오일을 얇게 발라 주세요.
653,44,WOOD,의자,전통옻칠 의자,35000,전통옻칠,WHITE,,수집|선물,False,True,False,False,False,ON_SALE,28,11,3,22.5,전통옻칠을 사용해 손으로 형태를 깎고 전통 옻칠을 19회 올렸습니다. 시간이 지날수록 색이 깊어지고 내구성이 높아집니다.,물에 오래 담그지 마세요. 옻칠 제품은 열·화학약품에 강하지만 딱딱한 표면으로 긁지 않도록 주의하세요.
654,44,WOOD,나무필통,전통옻칠 나무필통,41000,전통옻칠,BROWN,CORPORATE,수집|실용,False,False,False,True,False,ON_SALE,22,11,1,18.5,3년 이상 자연 건조한 전통옻칠 원목을 전통 짜임 기법으로 조립했습니다. 못을 일절 사용하지 않아 목재 본연의 숨결이 살아 있습니다.,직사광선을 피하고 가습기 등으로 습도를 40~60%로 유지하세요. 표면은 마른 천으로 닦고 1년에 한 번 목재 오일을 얇게 발라 주세요.
655,44,WOOD,나무화병,소나무 나무화병,362000,소나무,GRAY,,인테리어|선물,False,True,False,False,False,ON_SALE,6,28,7,56.0,3년 이상 자연 건조한 소나무 원목을 전통 짜임 기법으로 조립했습니다. 못을 일절 사용하지 않아 목재 본연의 숨결이 살아 있습니다.,물에 오래 담그지 마세요. 옻칠 제품은 열·화학약품에 강하지만 딱딱한 표면으로 긁지 않도록 주의하세요.
656,44,WOOD,서랍장,오동나무 서랍장,833000,오동나무,GRAY,,실용|수집,False,False,False,False,False,ON_SALE,11,8,4,20.0,"선조들이 사용하던 전통 소목(小木) 기법으로, 오동나무 원목을 손대패로 다듬어 끌과 정으로 장부 짜임을 맞춰 완성했습니다.",물에 오래 담그지 마세요. 옻칠 제품은 열·화학약품에 강하지만 딱딱한 표면으로 긁지 않도록 주의하세요.
657,44,WOOD,문갑,느티나무 문갑,397000,느티나무,GRAY,,수집,True,False,True,False,False,ON_SALE,11,8,3,18.0,느티나무을 사용해 손으로 형태를 깎고 전통 옻칠을 18회 올렸습니다. 시간이 지날수록 색이 깊어지고 내구성이 높아집니다.,직사광선을 피하고 가습기 등으로 습도를 40~60%로 유지하세요. 표면은 마른 천으로 닦고 1년에 한 번 목재 오일을 얇게 발라 주세요.
658,44,WOOD,반닫이,소나무 반닫이,911000,소나무,WHITE,PARENTS,인테리어|수집,False,False,False,False,False,SOLD_OUT,0,22,3,39.0,소나무을 사용해 손으로 형태를 깎고 전통 옻칠을 19회 올렸습니다. 시간이 지날수록 색이 깊어지고 내구성이 높아집니다.,물에 오래 담그지 마세요. 옻칠 제품은 열·화학약품에 강하지만 딱딱한 표면으로 긁지 않도록 주의하세요.
659,44,WOOD,트레이,소나무 트레이,95000,소나무,GRAY,,인테리어,False,False,False,False,False,ON_SALE,11,56,10,104.0,3년 이상 자연 건조한 소나무 원목을 전통 짜임 기법으로 조립했습니다. 못을 일절 사용하지 않아 목재 본연의 숨결이 살아 있습니다.,직사광선을 피하고 가습기 등으로 습도를 40~60%로 유지하세요. 표면은 마른 천으로 닦고 1년에 한 번 목재 오일을 얇게 발라 주세요.
660,44,WOOD,소반,오동나무 소반,610000,오동나무,GRAY,PARENTS,수집,False,False,False,False,False,ON_SALE,5,22,0,33.0,오동나무을 사용해 손으로 형태를 깎고 전통 옻칠을 11회 올렸습니다. 시간이 지날수록 색이 깊어지고 내구성이 높아집니다.,물에 오래 담그지 마세요. 옻칠 제품은 열·화학약품에 강하지만 딱딱한 표면으로 긁지 않도록 주의하세요.
661,45,METAL,수저세트,황동 수저세트,356000,황동,BLACK,HOUSEWARMING,실용|수집,False,False,False,False,False,ON_SALE,4,15,4,30.5,황동을 녹여 주형에 붓는 주조 방식과 단조 기법을 병행해 제작했습니다. 산화처리로 고풍스러운 색감을 완성했습니다.,착용 후 부드러운 천으로 닦아 보관하세요. 장기 보관 시 밀폐 지퍼백에 넣으면 변색을 늦출 수 있습니다.
662,45,METAL,장신구함,청동 장신구함,44000,청동,GRAY,HOUSEWARMING,선물|패션,False,False,False,False,False,ON_SALE,18,22,6,45.0,실처럼 뽑아낸 청동 선을 손으로 꼬아 망사 형태를 만드는 사(絲) 기법을 사용했습니다. 인두로 접합해 용접흔 없이 매끄럽게 마감했습니다.,착용 후 부드러운 천으로 닦아 보관하세요. 장기 보관 시 밀폐 지퍼백에 넣으면 변색을 늦출 수 있습니다.
663,45,METAL,향로,청동 향로,102000,청동,BLACK,,패션|실용,False,False,True,False,False,ON_SALE,15,11,9,34.5,청동을 녹여 주형에 붓는 주조 방식과 단조 기법을 병행해 제작했습니다. 산화처리로 고풍스러운 색감을 완성했습니다.,착용 후 부드러운 천으로 닦아 보관하세요. 장기 보관 시 밀폐 지퍼백에 넣으면 변색을 늦출 수 있습니다.
664,45,METAL,촛대,백동 촛대,47000,백동,BROWN,HOUSEWARMING,실용,False,False,True,False,False,ON_SALE,22,3,13,30.5,백동을 녹여 주형에 붓는 주조 방식과 단조 기법을 병행해 제작했습니다. 산화처리로 고풍스러운 색감을 완성했습니다.,착용 후 부드러운 천으로 닦아 보관하세요. 장기 보관 시 밀폐 지퍼백에 넣으면 변색을 늦출 수 있습니다.
665,45,METAL,브로치,동(구리) 브로치,213000,동(구리),WHITE,BOSS,선물,False,False,False,False,False,ON_SALE,7,3,1,6.5,동(구리)을 녹여 주형에 붓는 주조 방식과 단조 기법을 병행해 제작했습니다. 산화처리로 고풍스러운 색감을 완성했습니다.,착용 후 부드러운 천으로 닦아 보관하세요. 장기 보관 시 밀폐 지퍼백에 넣으면 변색을 늦출 수 있습니다.
666,45,METAL,노리개,동(구리) 노리개,478000,동(구리),BROWN,BOSS,수집,False,False,False,False,False,ON_SALE,7,22,7,47.0,"전통 타출(打出) 기법으로 동(구리) 판재를 두드려 형태를 잡고, 끌로 문양을 새긴 뒤 전통 방식으로 광을 냈습니다.",착용 후 부드러운 천으로 닦아 보관하세요. 장기 보관 시 밀폐 지퍼백에 넣으면 변색을 늦출 수 있습니다.
667,45,METAL,다기받침,동(구리) 다기받침,151000,동(구리),GRAY,HOUSEWARMING,패션|수집,False,True,True,False,False,ON_SALE,15,0,3,6.0,동(구리)을 녹여 주형에 붓는 주조 방식과 단조 기법을 병행해 제작했습니다. 산화처리로 고풍스러운 색감을 완성했습니다.,화학약품·향수·땀이 닿으면 변색될 수 있으니 사용 후 바로 닦아 주세요. 은 제품은 은닦이 천으로 가볍게 연마하면 광택이 복원됩니다.
668,45,METAL,은반지,은(999) 은반지,94000,은(999),BROWN,CORPORATE,패션|선물,False,False,False,True,False,ON_SALE,29,5,1,9.5,"전통 타출(打出) 기법으로 은(999) 판재를 두드려 형태를 잡고, 끌로 문양을 새긴 뒤 전통 방식으로 광을 냈습니다.",착용 후 부드러운 천으로 닦아 보관하세요. 장기 보관 시 밀폐 지퍼백에 넣으면 변색을 늦출 수 있습니다.
669,45,METAL,귀걸이,청동 귀걸이,171000,청동,GRAY,PARENTS,선물|수집,False,False,False,False,False,ON_SALE,30,10,1,17.0,실처럼 뽑아낸 청동 선을 손으로 꼬아 망사 형태를 만드는 사(絲) 기법을 사용했습니다. 인두로 접합해 용접흔 없이 매끄럽게 마감했습니다.,착용 후 부드러운 천으로 닦아 보관하세요. 장기 보관 시 밀폐 지퍼백에 넣으면 변색을 늦출 수 있습니다.
670,45,METAL,목걸이,황동 목걸이,537000,황동,GRAY,,패션,False,False,True,False,False,ON_SALE,29,9,10,33.5,"전통 타출(打出) 기법으로 황동 판재를 두드려 형태를 잡고, 끌로 문양을 새긴 뒤 전통 방식으로 광을 냈습니다.",화학약품·향수·땀이 닿으면 변색될 수 있으니 사용 후 바로 닦아 주세요. 은 제품은 은닦이 천으로 가볍게 연마하면 광택이 복원됩니다.
671,45,METAL,수저세트,은(999) 수저세트,189000,은(999),BLACK,HOUSEWARMING,선물,False,True,False,False,False,HIDDEN,5,8,15,42.0,실처럼 뽑아낸 은(999) 선을 손으로 꼬아 망사 형태를 만드는 사(絲) 기법을 사용했습니다. 인두로 접합해 용접흔 없이 매끄럽게 마감했습니다.,착용 후 부드러운 천으로 닦아 보관하세요. 장기 보관 시 밀폐 지퍼백에 넣으면 변색을 늦출 수 있습니다.
672,45,METAL,장신구함,황동 장신구함,159000,황동,BLACK,CORPORATE,패션|수집,False,False,False,False,False,ON_SALE,5,3,0,4.5,"전통 타출(打出) 기법으로 황동 판재를 두드려 형태를 잡고, 끌로 문양을 새긴 뒤 전통 방식으로 광을 냈습니다.",화학약품·향수·땀이 닿으면 변색될 수 있으니 사용 후 바로 닦아 주세요. 은 제품은 은닦이 천으로 가볍게 연마하면 광택이 복원됩니다.
673,45,METAL,향로,황동 향로,284000,황동,GRAY,HOUSEWARMING,패션,False,False,False,False,False,ON_SALE,29,2,4,11.0,실처럼 뽑아낸 황동 선을 손으로 꼬아 망사 형태를 만드는 사(絲) 기법을 사용했습니다. 인두로 접합해 용접흔 없이 매끄럽게 마감했습니다.,착용 후 부드러운 천으로 닦아 보관하세요. 장기 보관 시 밀폐 지퍼백에 넣으면 변색을 늦출 수 있습니다.
674,45,METAL,촛대,청동 촛대,230000,청동,GRAY,BIRTHDAY_60TH,선물,False,False,True,False,True,ON_SALE,28,6,7,33.0,실처럼 뽑아낸 청동 선을 손으로 꼬아 망사 형태를 만드는 사(絲) 기법을 사용했습니다. 인두로 접합해 용접흔 없이 매끄럽게 마감했습니다.,화학약품·향수·땀이 닿으면 변색될 수 있으니 사용 후 바로 닦아 주세요. 은 제품은 은닦이 천으로 가볍게 연마하면 광택이 복원됩니다.
675,45,METAL,브로치,백동 브로치,586000,백동,WHITE,FRIEND,선물|패션,False,False,True,False,False,ON_SALE,28,10,6,27.0,실처럼 뽑아낸 백동 선을 손으로 꼬아 망사 형태를 만드는 사(絲) 기법을 사용했습니다. 인두로 접합해 용접흔 없이 매끄럽게 마감했습니다.,착용 후 부드러운 천으로 닦아 보관하세요. 장기 보관 시 밀폐 지퍼백에 넣으면 변색을 늦출 수 있습니다.
676,46,METAL,노리개,황동 노리개,464000,황동,BROWN,CORPORATE,실용,False,False,True,False,False,ON_SALE,10,9,6,25.5,"전통 타출(打出) 기법으로 황동 판재를 두드려 형태를 잡고, 끌로 문양을 새긴 뒤 전통 방식으로 광을 냈습니다.",착용 후 부드러운 천으로 닦아 보관하세요. 장기 보관 시 밀폐 지퍼백에 넣으면 변색을 늦출 수 있습니다.
677,46,METAL,다기받침,백동 다기받침,45000,백동,WHITE,BIRTHDAY_60TH,패션,False,False,True,False,False,ON_SALE,17,2,1,5.0,실처럼 뽑아낸 백동 선을 손으로 꼬아 망사 형태를 만드는 사(絲) 기법을 사용했습니다. 인두로 접합해 용접흔 없이 매끄럽게 마감했습니다.,착용 후 부드러운 천으로 닦아 보관하세요. 장기 보관 시 밀폐 지퍼백에 넣으면 변색을 늦출 수 있습니다.
678,46,METAL,은반지,청동 은반지,235000,청동,WHITE,FRIEND,선물|실용,False,False,False,False,False,ON_SALE,10,0,2,4.0,실처럼 뽑아낸 청동 선을 손으로 꼬아 망사 형태를 만드는 사(絲) 기법을 사용했습니다. 인두로 접합해 용접흔 없이 매끄럽게 마감했습니다.,화학약품·향수·땀이 닿으면 변색될 수 있으니 사용 후 바로 닦아 주세요. 은 제품은 은닦이 천으로 가볍게 연마하면 광택이 복원됩니다.
679,46,METAL,귀걸이,동(구리) 귀걸이,171000,동(구리),GRAY,BIRTHDAY_60TH,수집,False,False,False,False,False,ON_SALE,13,13,2,23.5,동(구리)을 녹여 주형에 붓는 주조 방식과 단조 기법을 병행해 제작했습니다. 산화처리로 고풍스러운 색감을 완성했습니다.,착용 후 부드러운 천으로 닦아 보관하세요. 장기 보관 시 밀폐 지퍼백에 넣으면 변색을 늦출 수 있습니다.
680,46,METAL,목걸이,동(구리) 목걸이,154000,동(구리),BROWN,,실용,True,False,True,False,False,ON_SALE,25,14,5,31.0,실처럼 뽑아낸 동(구리) 선을 손으로 꼬아 망사 형태를 만드는 사(絲) 기법을 사용했습니다. 인두로 접합해 용접흔 없이 매끄럽게 마감했습니다.,화학약품·향수·땀이 닿으면 변색될 수 있으니 사용 후 바로 닦아 주세요. 은 제품은 은닦이 천으로 가볍게 연마하면 광택이 복원됩니다.
681,46,METAL,수저세트,황동 수저세트,185000,황동,GRAY,FRIEND,패션,False,True,False,False,False,ON_SALE,6,31,9,64.5,황동을 녹여 주형에 붓는 주조 방식과 단조 기법을 병행해 제작했습니다. 산화처리로 고풍스러운 색감을 완성했습니다.,화학약품·향수·땀이 닿으면 변색될 수 있으니 사용 후 바로 닦아 주세요. 은 제품은 은닦이 천으로 가볍게 연마하면 광택이 복원됩니다.
682,46,METAL,장신구함,동(구리) 장신구함,275000,동(구리),GRAY,BOSS,수집|실용,False,False,True,False,False,ON_SALE,17,5,8,23.5,동(구리)을 녹여 주형에 붓는 주조 방식과 단조 기법을 병행해 제작했습니다. 산화처리로 고풍스러운 색감을 완성했습니다.,화학약품·향수·땀이 닿으면 변색될 수 있으니 사용 후 바로 닦아 주세요. 은 제품은 은닦이 천으로 가볍게 연마하면 광택이 복원됩니다.
683,46,METAL,향로,은(999) 향로,276000,은(999),GRAY,,실용|패션,False,True,False,False,False,ON_SALE,13,13,16,51.5,실처럼 뽑아낸 은(999) 선을 손으로 꼬아 망사 형태를 만드는 사(絲) 기법을 사용했습니다. 인두로 접합해 용접흔 없이 매끄럽게 마감했습니다.,화학약품·향수·땀이 닿으면 변색될 수 있으니 사용 후 바로 닦아 주세요. 은 제품은 은닦이 천으로 가볍게 연마하면 광택이 복원됩니다.
684,46,METAL,촛대,은(999) 촛대,617000,은(999),GRAY,PARENTS,선물,False,False,False,False,False,ON_SALE,12,15,4,30.5,은(999)을 녹여 주형에 붓는 주조 방식과 단조 기법을 병행해 제작했습니다. 산화처리로 고풍스러운 색감을 완성했습니다.,착용 후 부드러운 천으로 닦아 보관하세요. 장기 보관 시 밀폐 지퍼백에 넣으면 변색을 늦출 수 있습니다.
685,46,METAL,브로치,백동 브로치,608000,백동,BLACK,HOUSEWARMING,선물,True,False,False,False,False,ON_SALE,27,17,3,31.5,"전통 타출(打出) 기법으로 백동 판재를 두드려 형태를 잡고, 끌로 문양을 새긴 뒤 전통 방식으로 광을 냈습니다.",화학약품·향수·땀이 닿으면 변색될 수 있으니 사용 후 바로 닦아 주세요. 은 제품은 은닦이 천으로 가볍게 연마하면 광택이 복원됩니다.
686,46,METAL,노리개,백동 노리개,297000,백동,GRAY,HOUSEWARMING,실용,False,False,False,False,False,ON_SALE,12,14,10,41.0,"전통 타출(打出) 기법으로 백동 판재를 두드려 형태를 잡고, 끌로 문양을 새긴 뒤 전통 방식으로 광을 냈습니다.",화학약품·향수·땀이 닿으면 변색될 수 있으니 사용 후 바로 닦아 주세요. 은 제품은 은닦이 천으로 가볍게 연마하면 광택이 복원됩니다.
687,46,METAL,다기받침,황동 다기받침,348000,황동,GRAY,PARENTS,실용|수집,False,False,False,False,False,ON_SALE,6,5,0,7.5,실처럼 뽑아낸 황동 선을 손으로 꼬아 망사 형태를 만드는 사(絲) 기법을 사용했습니다. 인두로 접합해 용접흔 없이 매끄럽게 마감했습니다.,화학약품·향수·땀이 닿으면 변색될 수 있으니 사용 후 바로 닦아 주세요. 은 제품은 은닦이 천으로 가볍게 연마하면 광택이 복원됩니다.
688,46,METAL,은반지,청동 은반지,435000,청동,BROWN,CORPORATE,실용,True,False,False,False,False,ON_SALE,18,6,1,11.0,청동을 녹여 주형에 붓는 주조 방식과 단조 기법을 병행해 제작했습니다. 산화처리로 고풍스러운 색감을 완성했습니다.,착용 후 부드러운 천으로 닦아 보관하세요. 장기 보관 시 밀폐 지퍼백에 넣으면 변색을 늦출 수 있습니다.
689,46,METAL,귀걸이,황동 귀걸이,481000,황동,GRAY,BIRTHDAY_60TH,실용,False,False,False,False,False,ON_SALE,8,8,13,38.0,"전통 타출(打出) 기법으로 황동 판재를 두드려 형태를 잡고, 끌로 문양을 새긴 뒤 전통 방식으로 광을 냈습니다.",착용 후 부드러운 천으로 닦아 보관하세요. 장기 보관 시 밀폐 지퍼백에 넣으면 변색을 늦출 수 있습니다.
690,46,METAL,목걸이,황동 목걸이,477000,황동,WHITE,BIRTHDAY_60TH,실용|수집,False,False,False,False,False,ON_SALE,23,23,3,40.5,황동을 녹여 주형에 붓는 주조 방식과 단조 기법을 병행해 제작했습니다. 산화처리로 고풍스러운 색감을 완성했습니다.,화학약품·향수·땀이 닿으면 변색될 수 있으니 사용 후 바로 닦아 주세요. 은 제품은 은닦이 천으로 가볍게 연마하면 광택이 복원됩니다.
691,47,METAL,수저세트,황동 수저세트,581000,황동,BROWN,BIRTHDAY_60TH,선물|패션,False,False,False,False,False,ON_SALE,30,23,5,44.5,황동을 녹여 주형에 붓는 주조 방식과 단조 기법을 병행해 제작했습니다. 산화처리로 고풍스러운 색감을 완성했습니다.,화학약품·향수·땀이 닿으면 변색될 수 있으니 사용 후 바로 닦아 주세요. 은 제품은 은닦이 천으로 가볍게 연마하면 광택이 복원됩니다.
692,47,METAL,장신구함,은(999) 장신구함,504000,은(999),WHITE,,선물|실용,False,False,False,False,False,ON_SALE,2,33,5,59.5,실처럼 뽑아낸 은(999) 선을 손으로 꼬아 망사 형태를 만드는 사(絲) 기법을 사용했습니다. 인두로 접합해 용접흔 없이 매끄럽게 마감했습니다.,착용 후 부드러운 천으로 닦아 보관하세요. 장기 보관 시 밀폐 지퍼백에 넣으면 변색을 늦출 수 있습니다.
693,47,METAL,향로,은(999) 향로,611000,은(999),BROWN,,선물|패션,False,False,True,False,False,ON_SALE,23,16,3,30.0,실처럼 뽑아낸 은(999) 선을 손으로 꼬아 망사 형태를 만드는 사(絲) 기법을 사용했습니다. 인두로 접합해 용접흔 없이 매끄럽게 마감했습니다.,화학약품·향수·땀이 닿으면 변색될 수 있으니 사용 후 바로 닦아 주세요. 은 제품은 은닦이 천으로 가볍게 연마하면 광택이 복원됩니다.
694,47,METAL,촛대,동(구리) 촛대,394000,동(구리),BROWN,CORPORATE,선물,False,False,False,False,False,ON_SALE,6,27,0,40.5,동(구리)을 녹여 주형에 붓는 주조 방식과 단조 기법을 병행해 제작했습니다. 산화처리로 고풍스러운 색감을 완성했습니다.,착용 후 부드러운 천으로 닦아 보관하세요. 장기 보관 시 밀폐 지퍼백에 넣으면 변색을 늦출 수 있습니다.
695,47,METAL,브로치,황동 브로치,615000,황동,GRAY,,수집|실용,True,False,True,False,False,ON_SALE,16,1,2,5.5,"전통 타출(打出) 기법으로 황동 판재를 두드려 형태를 잡고, 끌로 문양을 새긴 뒤 전통 방식으로 광을 냈습니다.",착용 후 부드러운 천으로 닦아 보관하세요. 장기 보관 시 밀폐 지퍼백에 넣으면 변색을 늦출 수 있습니다.
696,47,METAL,노리개,황동 노리개,124000,황동,GRAY,BOSS,선물|패션,False,True,False,False,False,ON_SALE,1,5,2,11.5,실처럼 뽑아낸 황동 선을 손으로 꼬아 망사 형태를 만드는 사(絲) 기법을 사용했습니다. 인두로 접합해 용접흔 없이 매끄럽게 마감했습니다.,화학약품·향수·땀이 닿으면 변색될 수 있으니 사용 후 바로 닦아 주세요. 은 제품은 은닦이 천으로 가볍게 연마하면 광택이 복원됩니다.
697,47,METAL,다기받침,은(999) 다기받침,214000,은(999),WHITE,CORPORATE,패션,False,False,False,False,False,ON_SALE,29,22,5,43.0,은(999)을 녹여 주형에 붓는 주조 방식과 단조 기법을 병행해 제작했습니다. 산화처리로 고풍스러운 색감을 완성했습니다.,착용 후 부드러운 천으로 닦아 보관하세요. 장기 보관 시 밀폐 지퍼백에 넣으면 변색을 늦출 수 있습니다.
698,47,METAL,은반지,청동 은반지,347000,청동,GRAY,BIRTHDAY_60TH,선물|실용,False,True,True,False,False,ON_SALE,11,41,21,103.5,실처럼 뽑아낸 청동 선을 손으로 꼬아 망사 형태를 만드는 사(絲) 기법을 사용했습니다. 인두로 접합해 용접흔 없이 매끄럽게 마감했습니다.,화학약품·향수·땀이 닿으면 변색될 수 있으니 사용 후 바로 닦아 주세요. 은 제품은 은닦이 천으로 가볍게 연마하면 광택이 복원됩니다.
699,47,METAL,귀걸이,백동 귀걸이,374000,백동,GRAY,BIRTHDAY_60TH,패션,False,False,True,False,False,SOLD_OUT,0,38,13,83.0,실처럼 뽑아낸 백동 선을 손으로 꼬아 망사 형태를 만드는 사(絲) 기법을 사용했습니다. 인두로 접합해 용접흔 없이 매끄럽게 마감했습니다.,착용 후 부드러운 천으로 닦아 보관하세요. 장기 보관 시 밀폐 지퍼백에 넣으면 변색을 늦출 수 있습니다.
700,47,METAL,목걸이,청동 목걸이,587000,청동,GRAY,HOUSEWARMING,패션,True,False,True,False,False,ON_SALE,16,0,0,0.0,실처럼 뽑아낸 청동 선을 손으로 꼬아 망사 형태를 만드는 사(絲) 기법을 사용했습니다. 인두로 접합해 용접흔 없이 매끄럽게 마감했습니다.,화학약품·향수·땀이 닿으면 변색될 수 있으니 사용 후 바로 닦아 주세요. 은 제품은 은닦이 천으로 가볍게 연마하면 광택이 복원됩니다.
701,47,METAL,수저세트,청동 수저세트,322000,청동,BLACK,PARENTS,선물,False,False,False,False,False,ON_SALE,24,0,0,0.0,청동을 녹여 주형에 붓는 주조 방식과 단조 기법을 병행해 제작했습니다. 산화처리로 고풍스러운 색감을 완성했습니다.,화학약품·향수·땀이 닿으면 변색될 수 있으니 사용 후 바로 닦아 주세요. 은 제품은 은닦이 천으로 가볍게 연마하면 광택이 복원됩니다.
702,47,METAL,장신구함,동(구리) 장신구함,472000,동(구리),BROWN,BOSS,패션,False,True,False,False,False,ON_SALE,7,10,6,27.0,실처럼 뽑아낸 동(구리) 선을 손으로 꼬아 망사 형태를 만드는 사(絲) 기법을 사용했습니다. 인두로 접합해 용접흔 없이 매끄럽게 마감했습니다.,착용 후 부드러운 천으로 닦아 보관하세요. 장기 보관 시 밀폐 지퍼백에 넣으면 변색을 늦출 수 있습니다.
703,47,METAL,향로,은(999) 향로,325000,은(999),BLACK,HOUSEWARMING,실용,False,False,False,False,False,ON_SALE,5,13,7,33.5,은(999)을 녹여 주형에 붓는 주조 방식과 단조 기법을 병행해 제작했습니다. 산화처리로 고풍스러운 색감을 완성했습니다.,화학약품·향수·땀이 닿으면 변색될 수 있으니 사용 후 바로 닦아 주세요. 은 제품은 은닦이 천으로 가볍게 연마하면 광택이 복원됩니다.
704,47,METAL,촛대,청동 촛대,447000,청동,BROWN,,수집,False,False,True,False,False,ON_SALE,23,7,9,28.5,청동을 녹여 주형에 붓는 주조 방식과 단조 기법을 병행해 제작했습니다. 산화처리로 고풍스러운 색감을 완성했습니다.,착용 후 부드러운 천으로 닦아 보관하세요. 장기 보관 시 밀폐 지퍼백에 넣으면 변색을 늦출 수 있습니다.
705,47,METAL,브로치,동(구리) 브로치,190000,동(구리),GRAY,HOUSEWARMING,선물|수집,False,False,False,False,False,ON_SALE,10,5,6,19.5,"전통 타출(打出) 기법으로 동(구리) 판재를 두드려 형태를 잡고, 끌로 문양을 새긴 뒤 전통 방식으로 광을 냈습니다.",착용 후 부드러운 천으로 닦아 보관하세요. 장기 보관 시 밀폐 지퍼백에 넣으면 변색을 늦출 수 있습니다.
706,48,METAL,노리개,백동 노리개,233000,백동,WHITE,,선물,False,True,True,False,True,ON_SALE,3,4,7,30.0,백동을 녹여 주형에 붓는 주조 방식과 단조 기법을 병행해 제작했습니다. 산화처리로 고풍스러운 색감을 완성했습니다.,착용 후 부드러운 천으로 닦아 보관하세요. 장기 보관 시 밀폐 지퍼백에 넣으면 변색을 늦출 수 있습니다.
707,48,METAL,다기받침,백동 다기받침,243000,백동,GRAY,BOSS,선물|패션,False,False,False,False,False,ON_SALE,21,0,3,6.0,백동을 녹여 주형에 붓는 주조 방식과 단조 기법을 병행해 제작했습니다. 산화처리로 고풍스러운 색감을 완성했습니다.,착용 후 부드러운 천으로 닦아 보관하세요. 장기 보관 시 밀폐 지퍼백에 넣으면 변색을 늦출 수 있습니다.
708,48,METAL,은반지,동(구리) 은반지,477000,동(구리),WHITE,CORPORATE,수집,False,False,True,False,False,ON_SALE,4,17,4,33.5,실처럼 뽑아낸 동(구리) 선을 손으로 꼬아 망사 형태를 만드는 사(絲) 기법을 사용했습니다. 인두로 접합해 용접흔 없이 매끄럽게 마감했습니다.,착용 후 부드러운 천으로 닦아 보관하세요. 장기 보관 시 밀폐 지퍼백에 넣으면 변색을 늦출 수 있습니다.
709,48,METAL,귀걸이,청동 귀걸이,67000,청동,WHITE,PARENTS,선물,True,True,True,False,False,ON_SALE,25,14,6,33.0,"전통 타출(打出) 기법으로 청동 판재를 두드려 형태를 잡고, 끌로 문양을 새긴 뒤 전통 방식으로 광을 냈습니다.",착용 후 부드러운 천으로 닦아 보관하세요. 장기 보관 시 밀폐 지퍼백에 넣으면 변색을 늦출 수 있습니다.
710,48,METAL,목걸이,백동 목걸이,488000,백동,BLACK,FRIEND,수집,False,False,False,False,False,ON_SALE,12,3,2,8.5,실처럼 뽑아낸 백동 선을 손으로 꼬아 망사 형태를 만드는 사(絲) 기법을 사용했습니다. 인두로 접합해 용접흔 없이 매끄럽게 마감했습니다.,착용 후 부드러운 천으로 닦아 보관하세요. 장기 보관 시 밀폐 지퍼백에 넣으면 변색을 늦출 수 있습니다.
711,48,METAL,수저세트,백동 수저세트,49000,백동,BROWN,BOSS,패션|선물,False,False,False,False,False,ON_SALE,12,3,4,12.5,백동을 녹여 주형에 붓는 주조 방식과 단조 기법을 병행해 제작했습니다. 산화처리로 고풍스러운 색감을 완성했습니다.,화학약품·향수·땀이 닿으면 변색될 수 있으니 사용 후 바로 닦아 주세요. 은 제품은 은닦이 천으로 가볍게 연마하면 광택이 복원됩니다.
712,48,METAL,장신구함,백동 장신구함,400000,백동,BLACK,,패션|수집,True,False,True,False,False,SOLD_OUT,0,19,12,52.5,백동을 녹여 주형에 붓는 주조 방식과 단조 기법을 병행해 제작했습니다. 산화처리로 고풍스러운 색감을 완성했습니다.,화학약품·향수·땀이 닿으면 변색될 수 있으니 사용 후 바로 닦아 주세요. 은 제품은 은닦이 천으로 가볍게 연마하면 광택이 복원됩니다.
713,48,METAL,향로,청동 향로,246000,청동,BLACK,CORPORATE,실용|수집,False,False,False,False,False,ON_SALE,7,3,6,16.5,"전통 타출(打出) 기법으로 청동 판재를 두드려 형태를 잡고, 끌로 문양을 새긴 뒤 전통 방식으로 광을 냈습니다.",화학약품·향수·땀이 닿으면 변색될 수 있으니 사용 후 바로 닦아 주세요. 은 제품은 은닦이 천으로 가볍게 연마하면 광택이 복원됩니다.
714,48,METAL,촛대,청동 촛대,52000,청동,BLACK,BIRTHDAY_60TH,수집,False,False,False,False,False,ON_SALE,7,2,3,9.0,"전통 타출(打出) 기법으로 청동 판재를 두드려 형태를 잡고, 끌로 문양을 새긴 뒤 전통 방식으로 광을 냈습니다.",착용 후 부드러운 천으로 닦아 보관하세요. 장기 보관 시 밀폐 지퍼백에 넣으면 변색을 늦출 수 있습니다.
715,48,METAL,브로치,백동 브로치,127000,백동,BROWN,BOSS,선물,True,False,True,False,False,SOLD_OUT,0,3,1,6.5,"전통 타출(打出) 기법으로 백동 판재를 두드려 형태를 잡고, 끌로 문양을 새긴 뒤 전통 방식으로 광을 냈습니다.",화학약품·향수·땀이 닿으면 변색될 수 있으니 사용 후 바로 닦아 주세요. 은 제품은 은닦이 천으로 가볍게 연마하면 광택이 복원됩니다.
716,48,METAL,노리개,은(999) 노리개,625000,은(999),BROWN,BIRTHDAY_60TH,수집|실용,False,True,False,False,False,ON_SALE,18,36,4,62.0,실처럼 뽑아낸 은(999) 선을 손으로 꼬아 망사 형태를 만드는 사(絲) 기법을 사용했습니다. 인두로 접합해 용접흔 없이 매끄럽게 마감했습니다.,화학약품·향수·땀이 닿으면 변색될 수 있으니 사용 후 바로 닦아 주세요. 은 제품은 은닦이 천으로 가볍게 연마하면 광택이 복원됩니다.
717,48,METAL,다기받침,황동 다기받침,483000,황동,WHITE,BIRTHDAY_60TH,선물,False,False,False,False,False,HIDDEN,3,40,7,74.0,"전통 타출(打出) 기법으로 황동 판재를 두드려 형태를 잡고, 끌로 문양을 새긴 뒤 전통 방식으로 광을 냈습니다.",화학약품·향수·땀이 닿으면 변색될 수 있으니 사용 후 바로 닦아 주세요. 은 제품은 은닦이 천으로 가볍게 연마하면 광택이 복원됩니다.
718,48,METAL,은반지,은(999) 은반지,375000,은(999),BLACK,CORPORATE,패션,False,False,False,False,True,SOLD_OUT,0,48,1,84.0,실처럼 뽑아낸 은(999) 선을 손으로 꼬아 망사 형태를 만드는 사(絲) 기법을 사용했습니다. 인두로 접합해 용접흔 없이 매끄럽게 마감했습니다.,화학약품·향수·땀이 닿으면 변색될 수 있으니 사용 후 바로 닦아 주세요. 은 제품은 은닦이 천으로 가볍게 연마하면 광택이 복원됩니다.
719,48,METAL,귀걸이,황동 귀걸이,44000,황동,GRAY,FRIEND,실용|수집,False,False,False,False,False,SOLD_OUT,0,0,2,4.0,황동을 녹여 주형에 붓는 주조 방식과 단조 기법을 병행해 제작했습니다. 산화처리로 고풍스러운 색감을 완성했습니다.,화학약품·향수·땀이 닿으면 변색될 수 있으니 사용 후 바로 닦아 주세요. 은 제품은 은닦이 천으로 가볍게 연마하면 광택이 복원됩니다.
720,48,METAL,목걸이,백동 목걸이,307000,백동,BLACK,BOSS,선물|실용,True,False,False,False,True,ON_SALE,29,9,3,29.5,실처럼 뽑아낸 백동 선을 손으로 꼬아 망사 형태를 만드는 사(絲) 기법을 사용했습니다. 인두로 접합해 용접흔 없이 매끄럽게 마감했습니다.,화학약품·향수·땀이 닿으면 변색될 수 있으니 사용 후 바로 닦아 주세요. 은 제품은 은닦이 천으로 가볍게 연마하면 광택이 복원됩니다.
721,49,METAL,수저세트,백동 수저세트,444000,백동,BROWN,FRIEND,실용|수집,False,False,True,False,False,ON_SALE,22,36,15,84.0,"전통 타출(打出) 기법으로 백동 판재를 두드려 형태를 잡고, 끌로 문양을 새긴 뒤 전통 방식으로 광을 냈습니다.",착용 후 부드러운 천으로 닦아 보관하세요. 장기 보관 시 밀폐 지퍼백에 넣으면 변색을 늦출 수 있습니다.
722,49,METAL,장신구함,동(구리) 장신구함,209000,동(구리),GRAY,PARENTS,선물|수집,False,False,True,True,False,ON_SALE,20,1,6,13.5,동(구리)을 녹여 주형에 붓는 주조 방식과 단조 기법을 병행해 제작했습니다. 산화처리로 고풍스러운 색감을 완성했습니다.,화학약품·향수·땀이 닿으면 변색될 수 있으니 사용 후 바로 닦아 주세요. 은 제품은 은닦이 천으로 가볍게 연마하면 광택이 복원됩니다.
723,49,METAL,향로,은(999) 향로,232000,은(999),GRAY,CORPORATE,실용,False,True,False,False,False,ON_SALE,13,5,6,19.5,은(999)을 녹여 주형에 붓는 주조 방식과 단조 기법을 병행해 제작했습니다. 산화처리로 고풍스러운 색감을 완성했습니다.,착용 후 부드러운 천으로 닦아 보관하세요. 장기 보관 시 밀폐 지퍼백에 넣으면 변색을 늦출 수 있습니다.
724,49,METAL,촛대,백동 촛대,634000,백동,WHITE,BIRTHDAY_60TH,수집,False,True,False,False,False,ON_SALE,7,18,9,45.0,"전통 타출(打出) 기법으로 백동 판재를 두드려 형태를 잡고, 끌로 문양을 새긴 뒤 전통 방식으로 광을 냈습니다.",착용 후 부드러운 천으로 닦아 보관하세요. 장기 보관 시 밀폐 지퍼백에 넣으면 변색을 늦출 수 있습니다.
725,49,METAL,브로치,동(구리) 브로치,432000,동(구리),BROWN,FRIEND,수집|패션,False,False,True,False,True,SOLD_OUT,0,17,2,39.5,"전통 타출(打出) 기법으로 동(구리) 판재를 두드려 형태를 잡고, 끌로 문양을 새긴 뒤 전통 방식으로 광을 냈습니다.",착용 후 부드러운 천으로 닦아 보관하세요. 장기 보관 시 밀폐 지퍼백에 넣으면 변색을 늦출 수 있습니다.
726,49,METAL,노리개,은(999) 노리개,89000,은(999),GRAY,,선물|패션,True,False,True,False,False,ON_SALE,22,13,25,69.5,실처럼 뽑아낸 은(999) 선을 손으로 꼬아 망사 형태를 만드는 사(絲) 기법을 사용했습니다. 인두로 접합해 용접흔 없이 매끄럽게 마감했습니다.,화학약품·향수·땀이 닿으면 변색될 수 있으니 사용 후 바로 닦아 주세요. 은 제품은 은닦이 천으로 가볍게 연마하면 광택이 복원됩니다.
727,49,METAL,다기받침,황동 다기받침,407000,황동,BLACK,HOUSEWARMING,패션|실용,False,False,True,False,False,ON_SALE,29,9,20,53.5,황동을 녹여 주형에 붓는 주조 방식과 단조 기법을 병행해 제작했습니다. 산화처리로 고풍스러운 색감을 완성했습니다.,화학약품·향수·땀이 닿으면 변색될 수 있으니 사용 후 바로 닦아 주세요. 은 제품은 은닦이 천으로 가볍게 연마하면 광택이 복원됩니다.
728,49,METAL,은반지,백동 은반지,422000,백동,BLACK,HOUSEWARMING,선물|수집,False,False,True,False,False,ON_SALE,29,2,7,17.0,"전통 타출(打出) 기법으로 백동 판재를 두드려 형태를 잡고, 끌로 문양을 새긴 뒤 전통 방식으로 광을 냈습니다.",착용 후 부드러운 천으로 닦아 보관하세요. 장기 보관 시 밀폐 지퍼백에 넣으면 변색을 늦출 수 있습니다.
729,49,METAL,귀걸이,은(999) 귀걸이,181000,은(999),GRAY,BOSS,패션|선물,False,True,False,False,False,ON_SALE,20,19,4,36.5,"전통 타출(打出) 기법으로 은(999) 판재를 두드려 형태를 잡고, 끌로 문양을 새긴 뒤 전통 방식으로 광을 냈습니다.",화학약품·향수·땀이 닿으면 변색될 수 있으니 사용 후 바로 닦아 주세요. 은 제품은 은닦이 천으로 가볍게 연마하면 광택이 복원됩니다.
730,49,METAL,목걸이,은(999) 목걸이,359000,은(999),BROWN,PARENTS,패션|선물,False,False,True,False,False,ON_SALE,11,14,9,39.0,은(999)을 녹여 주형에 붓는 주조 방식과 단조 기법을 병행해 제작했습니다. 산화처리로 고풍스러운 색감을 완성했습니다.,착용 후 부드러운 천으로 닦아 보관하세요. 장기 보관 시 밀폐 지퍼백에 넣으면 변색을 늦출 수 있습니다.
731,49,METAL,수저세트,청동 수저세트,377000,청동,WHITE,,실용|수집,True,False,False,False,False,ON_SALE,28,34,8,67.0,청동을 녹여 주형에 붓는 주조 방식과 단조 기법을 병행해 제작했습니다. 산화처리로 고풍스러운 색감을 완성했습니다.,화학약품·향수·땀이 닿으면 변색될 수 있으니 사용 후 바로 닦아 주세요. 은 제품은 은닦이 천으로 가볍게 연마하면 광택이 복원됩니다.
732,49,METAL,장신구함,청동 장신구함,227000,청동,BROWN,PARENTS,패션,False,False,False,False,False,SOLD_OUT,0,5,17,41.5,청동을 녹여 주형에 붓는 주조 방식과 단조 기법을 병행해 제작했습니다. 산화처리로 고풍스러운 색감을 완성했습니다.,착용 후 부드러운 천으로 닦아 보관하세요. 장기 보관 시 밀폐 지퍼백에 넣으면 변색을 늦출 수 있습니다.
733,49,METAL,향로,청동 향로,501000,청동,BROWN,,선물|실용,False,False,True,False,False,ON_SALE,8,3,0,4.5,청동을 녹여 주형에 붓는 주조 방식과 단조 기법을 병행해 제작했습니다. 산화처리로 고풍스러운 색감을 완성했습니다.,화학약품·향수·땀이 닿으면 변색될 수 있으니 사용 후 바로 닦아 주세요. 은 제품은 은닦이 천으로 가볍게 연마하면 광택이 복원됩니다.
734,49,METAL,촛대,청동 촛대,524000,청동,WHITE,PARENTS,실용|패션,False,False,True,False,False,ON_SALE,26,10,2,19.0,청동을 녹여 주형에 붓는 주조 방식과 단조 기법을 병행해 제작했습니다. 산화처리로 고풍스러운 색감을 완성했습니다.,화학약품·향수·땀이 닿으면 변색될 수 있으니 사용 후 바로 닦아 주세요. 은 제품은 은닦이 천으로 가볍게 연마하면 광택이 복원됩니다.
735,49,METAL,브로치,은(999) 브로치,175000,은(999),BROWN,,선물|수집,True,False,False,False,False,ON_SALE,20,8,3,18.0,은(999)을 녹여 주형에 붓는 주조 방식과 단조 기법을 병행해 제작했습니다. 산화처리로 고풍스러운 색감을 완성했습니다.,화학약품·향수·땀이 닿으면 변색될 수 있으니 사용 후 바로 닦아 주세요. 은 제품은 은닦이 천으로 가볍게 연마하면 광택이 복원됩니다.
736,50,METAL,노리개,황동 노리개,319000,황동,WHITE,HOUSEWARMING,실용,False,True,False,False,False,ON_SALE,24,7,0,10.5,황동을 녹여 주형에 붓는 주조 방식과 단조 기법을 병행해 제작했습니다. 산화처리로 고풍스러운 색감을 완성했습니다.,화학약품·향수·땀이 닿으면 변색될 수 있으니 사용 후 바로 닦아 주세요. 은 제품은 은닦이 천으로 가볍게 연마하면 광택이 복원됩니다.
737,50,METAL,다기받침,백동 다기받침,317000,백동,WHITE,BOSS,선물|패션,False,False,False,False,False,ON_SALE,6,42,2,67.0,백동을 녹여 주형에 붓는 주조 방식과 단조 기법을 병행해 제작했습니다. 산화처리로 고풍스러운 색감을 완성했습니다.,화학약품·향수·땀이 닿으면 변색될 수 있으니 사용 후 바로 닦아 주세요. 은 제품은 은닦이 천으로 가볍게 연마하면 광택이 복원됩니다.
738,50,METAL,은반지,황동 은반지,99000,황동,GRAY,BOSS,수집|패션,False,False,False,False,False,ON_SALE,15,2,11,25.0,황동을 녹여 주형에 붓는 주조 방식과 단조 기법을 병행해 제작했습니다. 산화처리로 고풍스러운 색감을 완성했습니다.,착용 후 부드러운 천으로 닦아 보관하세요. 장기 보관 시 밀폐 지퍼백에 넣으면 변색을 늦출 수 있습니다.
739,50,METAL,귀걸이,동(구리) 귀걸이,81000,동(구리),GRAY,BOSS,수집,True,False,False,False,False,ON_SALE,13,21,8,47.5,"전통 타출(打出) 기법으로 동(구리) 판재를 두드려 형태를 잡고, 끌로 문양을 새긴 뒤 전통 방식으로 광을 냈습니다.",화학약품·향수·땀이 닿으면 변색될 수 있으니 사용 후 바로 닦아 주세요. 은 제품은 은닦이 천으로 가볍게 연마하면 광택이 복원됩니다.
740,50,METAL,목걸이,백동 목걸이,69000,백동,GRAY,PARENTS,선물,False,False,True,True,False,ON_SALE,27,2,1,5.0,실처럼 뽑아낸 백동 선을 손으로 꼬아 망사 형태를 만드는 사(絲) 기법을 사용했습니다. 인두로 접합해 용접흔 없이 매끄럽게 마감했습니다.,착용 후 부드러운 천으로 닦아 보관하세요. 장기 보관 시 밀폐 지퍼백에 넣으면 변색을 늦출 수 있습니다.
741,50,METAL,수저세트,청동 수저세트,551000,청동,BROWN,FRIEND,실용|선물,False,False,True,False,False,ON_SALE,20,51,8,92.5,청동을 녹여 주형에 붓는 주조 방식과 단조 기법을 병행해 제작했습니다. 산화처리로 고풍스러운 색감을 완성했습니다.,착용 후 부드러운 천으로 닦아 보관하세요. 장기 보관 시 밀폐 지퍼백에 넣으면 변색을 늦출 수 있습니다.
742,50,METAL,장신구함,동(구리) 장신구함,137000,동(구리),GRAY,FRIEND,실용,False,False,False,False,False,ON_SALE,21,3,17,38.5,동(구리)을 녹여 주형에 붓는 주조 방식과 단조 기법을 병행해 제작했습니다. 산화처리로 고풍스러운 색감을 완성했습니다.,착용 후 부드러운 천으로 닦아 보관하세요. 장기 보관 시 밀폐 지퍼백에 넣으면 변색을 늦출 수 있습니다.
743,50,METAL,향로,청동 향로,249000,청동,GRAY,PARENTS,패션,False,False,False,False,False,ON_SALE,30,10,6,27.0,청동을 녹여 주형에 붓는 주조 방식과 단조 기법을 병행해 제작했습니다. 산화처리로 고풍스러운 색감을 완성했습니다.,착용 후 부드러운 천으로 닦아 보관하세요. 장기 보관 시 밀폐 지퍼백에 넣으면 변색을 늦출 수 있습니다.
744,50,METAL,촛대,은(999) 촛대,79000,은(999),GRAY,BOSS,패션,False,False,False,False,True,ON_SALE,7,53,10,109.5,은(999)을 녹여 주형에 붓는 주조 방식과 단조 기법을 병행해 제작했습니다. 산화처리로 고풍스러운 색감을 완성했습니다.,착용 후 부드러운 천으로 닦아 보관하세요. 장기 보관 시 밀폐 지퍼백에 넣으면 변색을 늦출 수 있습니다.
745,50,METAL,브로치,황동 브로치,63000,황동,BLACK,BIRTHDAY_60TH,패션,False,False,False,False,False,SOLD_OUT,0,20,9,48.0,"전통 타출(打出) 기법으로 황동 판재를 두드려 형태를 잡고, 끌로 문양을 새긴 뒤 전통 방식으로 광을 냈습니다.",화학약품·향수·땀이 닿으면 변색될 수 있으니 사용 후 바로 닦아 주세요. 은 제품은 은닦이 천으로 가볍게 연마하면 광택이 복원됩니다.
746,50,METAL,노리개,동(구리) 노리개,268000,동(구리),GRAY,BOSS,패션|실용,False,False,False,False,True,ON_SALE,1,0,4,18.0,동(구리)을 녹여 주형에 붓는 주조 방식과 단조 기법을 병행해 제작했습니다. 산화처리로 고풍스러운 색감을 완성했습니다.,화학약품·향수·땀이 닿으면 변색될 수 있으니 사용 후 바로 닦아 주세요. 은 제품은 은닦이 천으로 가볍게 연마하면 광택이 복원됩니다.
747,50,METAL,다기받침,동(구리) 다기받침,92000,동(구리),GRAY,,패션|수집,False,False,False,False,False,ON_SALE,26,0,8,16.0,실처럼 뽑아낸 동(구리) 선을 손으로 꼬아 망사 형태를 만드는 사(絲) 기법을 사용했습니다. 인두로 접합해 용접흔 없이 매끄럽게 마감했습니다.,화학약품·향수·땀이 닿으면 변색될 수 있으니 사용 후 바로 닦아 주세요. 은 제품은 은닦이 천으로 가볍게 연마하면 광택이 복원됩니다.
748,50,METAL,은반지,청동 은반지,321000,청동,BLACK,HOUSEWARMING,선물|패션,False,False,True,False,False,ON_SALE,5,5,8,23.5,청동을 녹여 주형에 붓는 주조 방식과 단조 기법을 병행해 제작했습니다. 산화처리로 고풍스러운 색감을 완성했습니다.,착용 후 부드러운 천으로 닦아 보관하세요. 장기 보관 시 밀폐 지퍼백에 넣으면 변색을 늦출 수 있습니다.
749,50,METAL,귀걸이,청동 귀걸이,383000,청동,BLACK,,실용|패션,False,False,False,True,False,ON_SALE,30,6,5,19.0,실처럼 뽑아낸 청동 선을 손으로 꼬아 망사 형태를 만드는 사(絲) 기법을 사용했습니다. 인두로 접합해 용접흔 없이 매끄럽게 마감했습니다.,착용 후 부드러운 천으로 닦아 보관하세요. 장기 보관 시 밀폐 지퍼백에 넣으면 변색을 늦출 수 있습니다.
750,50,METAL,목걸이,은(999) 목걸이,641000,은(999),BROWN,BIRTHDAY_60TH,실용|패션,False,False,False,False,False,SOLD_OUT,0,69,6,115.5,실처럼 뽑아낸 은(999) 선을 손으로 꼬아 망사 형태를 만드는 사(絲) 기법을 사용했습니다. 인두로 접합해 용접흔 없이 매끄럽게 마감했습니다.,착용 후 부드러운 천으로 닦아 보관하세요. 장기 보관 시 밀폐 지퍼백에 넣으면 변색을 늦출 수 있습니다.
751,51,METAL,수저세트,청동 수저세트,260000,청동,GRAY,HOUSEWARMING,수집|선물,False,False,False,False,False,ON_SALE,19,6,4,17.0,"전통 타출(打出) 기법으로 청동 판재를 두드려 형태를 잡고, 끌로 문양을 새긴 뒤 전통 방식으로 광을 냈습니다.",착용 후 부드러운 천으로 닦아 보관하세요. 장기 보관 시 밀폐 지퍼백에 넣으면 변색을 늦출 수 있습니다.
752,51,METAL,장신구함,백동 장신구함,544000,백동,WHITE,BIRTHDAY_60TH,수집,False,False,True,False,False,ON_SALE,21,1,13,27.5,"전통 타출(打出) 기법으로 백동 판재를 두드려 형태를 잡고, 끌로 문양을 새긴 뒤 전통 방식으로 광을 냈습니다.",착용 후 부드러운 천으로 닦아 보관하세요. 장기 보관 시 밀폐 지퍼백에 넣으면 변색을 늦출 수 있습니다.
753,51,METAL,향로,은(999) 향로,218000,은(999),BROWN,FRIEND,선물,False,True,False,False,True,ON_SALE,11,7,1,22.5,은(999)을 녹여 주형에 붓는 주조 방식과 단조 기법을 병행해 제작했습니다. 산화처리로 고풍스러운 색감을 완성했습니다.,화학약품·향수·땀이 닿으면 변색될 수 있으니 사용 후 바로 닦아 주세요. 은 제품은 은닦이 천으로 가볍게 연마하면 광택이 복원됩니다.
754,51,METAL,촛대,청동 촛대,539000,청동,GRAY,FRIEND,패션|선물,False,False,False,False,True,ON_SALE,20,31,23,102.5,실처럼 뽑아낸 청동 선을 손으로 꼬아 망사 형태를 만드는 사(絲) 기법을 사용했습니다. 인두로 접합해 용접흔 없이 매끄럽게 마감했습니다.,화학약품·향수·땀이 닿으면 변색될 수 있으니 사용 후 바로 닦아 주세요. 은 제품은 은닦이 천으로 가볍게 연마하면 광택이 복원됩니다.
755,51,METAL,브로치,은(999) 브로치,116000,은(999),BLACK,CORPORATE,패션|수집,True,False,False,False,False,ON_SALE,8,13,5,29.5,은(999)을 녹여 주형에 붓는 주조 방식과 단조 기법을 병행해 제작했습니다. 산화처리로 고풍스러운 색감을 완성했습니다.,화학약품·향수·땀이 닿으면 변색될 수 있으니 사용 후 바로 닦아 주세요. 은 제품은 은닦이 천으로 가볍게 연마하면 광택이 복원됩니다.
756,51,METAL,노리개,청동 노리개,125000,청동,BLACK,BOSS,실용,False,False,False,False,False,ON_SALE,30,11,10,36.5,청동을 녹여 주형에 붓는 주조 방식과 단조 기법을 병행해 제작했습니다. 산화처리로 고풍스러운 색감을 완성했습니다.,착용 후 부드러운 천으로 닦아 보관하세요. 장기 보관 시 밀폐 지퍼백에 넣으면 변색을 늦출 수 있습니다.
757,51,METAL,다기받침,청동 다기받침,328000,청동,BLACK,FRIEND,선물,False,False,False,False,True,ON_SALE,8,0,11,32.0,실처럼 뽑아낸 청동 선을 손으로 꼬아 망사 형태를 만드는 사(絲) 기법을 사용했습니다. 인두로 접합해 용접흔 없이 매끄럽게 마감했습니다.,착용 후 부드러운 천으로 닦아 보관하세요. 장기 보관 시 밀폐 지퍼백에 넣으면 변색을 늦출 수 있습니다.
758,51,METAL,은반지,백동 은반지,256000,백동,GRAY,,수집|선물,False,False,True,False,False,SOLD_OUT,0,13,0,19.5,백동을 녹여 주형에 붓는 주조 방식과 단조 기법을 병행해 제작했습니다. 산화처리로 고풍스러운 색감을 완성했습니다.,화학약품·향수·땀이 닿으면 변색될 수 있으니 사용 후 바로 닦아 주세요. 은 제품은 은닦이 천으로 가볍게 연마하면 광택이 복원됩니다.
759,51,METAL,귀걸이,백동 귀걸이,584000,백동,GRAY,,수집,True,False,False,True,True,ON_SALE,22,6,4,27.0,"전통 타출(打出) 기법으로 백동 판재를 두드려 형태를 잡고, 끌로 문양을 새긴 뒤 전통 방식으로 광을 냈습니다.",착용 후 부드러운 천으로 닦아 보관하세요. 장기 보관 시 밀폐 지퍼백에 넣으면 변색을 늦출 수 있습니다.
760,51,METAL,목걸이,은(999) 목걸이,612000,은(999),GRAY,,실용,False,False,False,False,False,ON_SALE,19,7,6,22.5,"전통 타출(打出) 기법으로 은(999) 판재를 두드려 형태를 잡고, 끌로 문양을 새긴 뒤 전통 방식으로 광을 냈습니다.",착용 후 부드러운 천으로 닦아 보관하세요. 장기 보관 시 밀폐 지퍼백에 넣으면 변색을 늦출 수 있습니다.
761,51,METAL,수저세트,동(구리) 수저세트,39000,동(구리),BROWN,BOSS,선물|패션,True,False,False,True,False,ON_SALE,30,4,5,16.0,"전통 타출(打出) 기법으로 동(구리) 판재를 두드려 형태를 잡고, 끌로 문양을 새긴 뒤 전통 방식으로 광을 냈습니다.",착용 후 부드러운 천으로 닦아 보관하세요. 장기 보관 시 밀폐 지퍼백에 넣으면 변색을 늦출 수 있습니다.
762,51,METAL,장신구함,백동 장신구함,129000,백동,BLACK,CORPORATE,수집,True,True,False,False,True,ON_SALE,3,12,2,32.0,백동을 녹여 주형에 붓는 주조 방식과 단조 기법을 병행해 제작했습니다. 산화처리로 고풍스러운 색감을 완성했습니다.,화학약품·향수·땀이 닿으면 변색될 수 있으니 사용 후 바로 닦아 주세요. 은 제품은 은닦이 천으로 가볍게 연마하면 광택이 복원됩니다.
763,51,METAL,향로,동(구리) 향로,470000,동(구리),BROWN,,패션,True,False,False,False,False,ON_SALE,24,35,5,62.5,실처럼 뽑아낸 동(구리) 선을 손으로 꼬아 망사 형태를 만드는 사(絲) 기법을 사용했습니다. 인두로 접합해 용접흔 없이 매끄럽게 마감했습니다.,화학약품·향수·땀이 닿으면 변색될 수 있으니 사용 후 바로 닦아 주세요. 은 제품은 은닦이 천으로 가볍게 연마하면 광택이 복원됩니다.
764,51,METAL,촛대,동(구리) 촛대,537000,동(구리),WHITE,BOSS,수집,False,False,False,False,False,ON_SALE,9,7,4,18.5,동(구리)을 녹여 주형에 붓는 주조 방식과 단조 기법을 병행해 제작했습니다. 산화처리로 고풍스러운 색감을 완성했습니다.,화학약품·향수·땀이 닿으면 변색될 수 있으니 사용 후 바로 닦아 주세요. 은 제품은 은닦이 천으로 가볍게 연마하면 광택이 복원됩니다.
765,51,METAL,브로치,청동 브로치,551000,청동,BROWN,BIRTHDAY_60TH,수집|패션,False,True,False,False,False,ON_SALE,9,14,21,63.0,청동을 녹여 주형에 붓는 주조 방식과 단조 기법을 병행해 제작했습니다. 산화처리로 고풍스러운 색감을 완성했습니다.,착용 후 부드러운 천으로 닦아 보관하세요. 장기 보관 시 밀폐 지퍼백에 넣으면 변색을 늦출 수 있습니다.
766,52,METAL,노리개,황동 노리개,384000,황동,BROWN,,실용|수집,False,False,False,False,False,ON_SALE,26,22,2,37.0,실처럼 뽑아낸 황동 선을 손으로 꼬아 망사 형태를 만드는 사(絲) 기법을 사용했습니다. 인두로 접합해 용접흔 없이 매끄럽게 마감했습니다.,화학약품·향수·땀이 닿으면 변색될 수 있으니 사용 후 바로 닦아 주세요. 은 제품은 은닦이 천으로 가볍게 연마하면 광택이 복원됩니다.
767,52,METAL,다기받침,청동 다기받침,623000,청동,BROWN,FRIEND,선물,False,True,False,False,False,ON_SALE,16,7,3,16.5,실처럼 뽑아낸 청동 선을 손으로 꼬아 망사 형태를 만드는 사(絲) 기법을 사용했습니다. 인두로 접합해 용접흔 없이 매끄럽게 마감했습니다.,화학약품·향수·땀이 닿으면 변색될 수 있으니 사용 후 바로 닦아 주세요. 은 제품은 은닦이 천으로 가볍게 연마하면 광택이 복원됩니다.
768,52,METAL,은반지,청동 은반지,177000,청동,BLACK,CORPORATE,선물|실용,False,False,False,True,False,SOLD_OUT,0,39,4,66.5,실처럼 뽑아낸 청동 선을 손으로 꼬아 망사 형태를 만드는 사(絲) 기법을 사용했습니다. 인두로 접합해 용접흔 없이 매끄럽게 마감했습니다.,화학약품·향수·땀이 닿으면 변색될 수 있으니 사용 후 바로 닦아 주세요. 은 제품은 은닦이 천으로 가볍게 연마하면 광택이 복원됩니다.
769,52,METAL,귀걸이,청동 귀걸이,80000,청동,BLACK,CORPORATE,수집|패션,False,False,True,False,False,ON_SALE,2,0,0,0.0,"전통 타출(打出) 기법으로 청동 판재를 두드려 형태를 잡고, 끌로 문양을 새긴 뒤 전통 방식으로 광을 냈습니다.",화학약품·향수·땀이 닿으면 변색될 수 있으니 사용 후 바로 닦아 주세요. 은 제품은 은닦이 천으로 가볍게 연마하면 광택이 복원됩니다.
770,52,METAL,목걸이,동(구리) 목걸이,68000,동(구리),GRAY,CORPORATE,선물,False,False,True,False,False,ON_SALE,19,20,21,72.0,동(구리)을 녹여 주형에 붓는 주조 방식과 단조 기법을 병행해 제작했습니다. 산화처리로 고풍스러운 색감을 완성했습니다.,착용 후 부드러운 천으로 닦아 보관하세요. 장기 보관 시 밀폐 지퍼백에 넣으면 변색을 늦출 수 있습니다.
771,52,METAL,수저세트,동(구리) 수저세트,253000,동(구리),GRAY,PARENTS,수집,False,True,True,False,False,SOLD_OUT,0,24,1,38.0,"전통 타출(打出) 기법으로 동(구리) 판재를 두드려 형태를 잡고, 끌로 문양을 새긴 뒤 전통 방식으로 광을 냈습니다.",화학약품·향수·땀이 닿으면 변색될 수 있으니 사용 후 바로 닦아 주세요. 은 제품은 은닦이 천으로 가볍게 연마하면 광택이 복원됩니다.
772,52,METAL,장신구함,동(구리) 장신구함,205000,동(구리),WHITE,CORPORATE,패션,True,False,False,False,False,ON_SALE,8,1,0,1.5,실처럼 뽑아낸 동(구리) 선을 손으로 꼬아 망사 형태를 만드는 사(絲) 기법을 사용했습니다. 인두로 접합해 용접흔 없이 매끄럽게 마감했습니다.,화학약품·향수·땀이 닿으면 변색될 수 있으니 사용 후 바로 닦아 주세요. 은 제품은 은닦이 천으로 가볍게 연마하면 광택이 복원됩니다.
773,52,METAL,향로,백동 향로,51000,백동,WHITE,,실용|패션,False,False,True,True,False,ON_SALE,15,13,3,25.5,실처럼 뽑아낸 백동 선을 손으로 꼬아 망사 형태를 만드는 사(絲) 기법을 사용했습니다. 인두로 접합해 용접흔 없이 매끄럽게 마감했습니다.,착용 후 부드러운 천으로 닦아 보관하세요. 장기 보관 시 밀폐 지퍼백에 넣으면 변색을 늦출 수 있습니다.
774,52,METAL,촛대,청동 촛대,240000,청동,BLACK,HOUSEWARMING,패션,False,True,True,False,False,ON_SALE,1,17,6,37.5,실처럼 뽑아낸 청동 선을 손으로 꼬아 망사 형태를 만드는 사(絲) 기법을 사용했습니다. 인두로 접합해 용접흔 없이 매끄럽게 마감했습니다.,착용 후 부드러운 천으로 닦아 보관하세요. 장기 보관 시 밀폐 지퍼백에 넣으면 변색을 늦출 수 있습니다.
775,52,METAL,브로치,백동 브로치,396000,백동,GRAY,,선물|실용,False,False,True,False,False,ON_SALE,9,9,1,15.5,실처럼 뽑아낸 백동 선을 손으로 꼬아 망사 형태를 만드는 사(絲) 기법을 사용했습니다. 인두로 접합해 용접흔 없이 매끄럽게 마감했습니다.,착용 후 부드러운 천으로 닦아 보관하세요. 장기 보관 시 밀폐 지퍼백에 넣으면 변색을 늦출 수 있습니다.
776,52,METAL,노리개,은(999) 노리개,262000,은(999),BLACK,CORPORATE,실용,False,False,True,False,False,ON_SALE,5,29,2,47.5,"전통 타출(打出) 기법으로 은(999) 판재를 두드려 형태를 잡고, 끌로 문양을 새긴 뒤 전통 방식으로 광을 냈습니다.",착용 후 부드러운 천으로 닦아 보관하세요. 장기 보관 시 밀폐 지퍼백에 넣으면 변색을 늦출 수 있습니다.
777,52,METAL,다기받침,백동 다기받침,265000,백동,BROWN,BIRTHDAY_60TH,선물,False,False,False,False,True,SOLD_OUT,0,13,0,29.5,"전통 타출(打出) 기법으로 백동 판재를 두드려 형태를 잡고, 끌로 문양을 새긴 뒤 전통 방식으로 광을 냈습니다.",화학약품·향수·땀이 닿으면 변색될 수 있으니 사용 후 바로 닦아 주세요. 은 제품은 은닦이 천으로 가볍게 연마하면 광택이 복원됩니다.
778,52,METAL,은반지,동(구리) 은반지,211000,동(구리),GRAY,PARENTS,실용,False,False,True,False,False,ON_SALE,29,0,1,2.0,"전통 타출(打出) 기법으로 동(구리) 판재를 두드려 형태를 잡고, 끌로 문양을 새긴 뒤 전통 방식으로 광을 냈습니다.",화학약품·향수·땀이 닿으면 변색될 수 있으니 사용 후 바로 닦아 주세요. 은 제품은 은닦이 천으로 가볍게 연마하면 광택이 복원됩니다.
779,52,METAL,귀걸이,동(구리) 귀걸이,615000,동(구리),WHITE,,수집|선물,False,True,True,False,False,ON_SALE,13,2,2,7.0,실처럼 뽑아낸 동(구리) 선을 손으로 꼬아 망사 형태를 만드는 사(絲) 기법을 사용했습니다. 인두로 접합해 용접흔 없이 매끄럽게 마감했습니다.,화학약품·향수·땀이 닿으면 변색될 수 있으니 사용 후 바로 닦아 주세요. 은 제품은 은닦이 천으로 가볍게 연마하면 광택이 복원됩니다.
780,52,METAL,목걸이,백동 목걸이,560000,백동,BLACK,,수집|실용,False,False,True,True,True,HIDDEN,3,1,18,47.5,백동을 녹여 주형에 붓는 주조 방식과 단조 기법을 병행해 제작했습니다. 산화처리로 고풍스러운 색감을 완성했습니다.,화학약품·향수·땀이 닿으면 변색될 수 있으니 사용 후 바로 닦아 주세요. 은 제품은 은닦이 천으로 가볍게 연마하면 광택이 복원됩니다.
